utcTime,sessionTime,frame,playerPosition,action,hand,hold,details
2026-06-28T00:38:00.0012240Z,0.000,1,"(0.000,0.000,0.000)",LocomotionStop,,,grip locomotion stopped
2026-06-28T00:38:00.2223980Z,0.020,2,"(0.000,0.000,0.000)",LocomotionStop,,,grip locomotion stopped
2026-06-28T00:38:00.4853520Z,0.284,3,"(-0.024,0.985,0.024)",LocomotionStop,,,grip locomotion stopped
2026-06-28T00:38:00.5640340Z,0.364,4,"(-0.013,0.990,0.016)",LocomotionStop,,,grip locomotion stopped
2026-06-28T00:38:00.6795300Z,0.440,5,"(-0.013,1.000,0.012)",LocomotionStop,,,grip locomotion stopped
2026-06-28T00:38:00.7643490Z,0.500,6,"(-0.030,1.026,-0.012)",LocomotionStop,,,grip locomotion stopped
2026-06-28T00:38:00.8640520Z,0.605,7,"(-0.048,1.030,-0.029)",LocomotionStop,,,grip locomotion stopped
2026-06-28T00:38:00.9640050Z,0.698,8,"(-0.064,1.029,-0.042)",LocomotionStop,,,grip locomotion stopped
2026-06-28T00:38:01.0638850Z,0.796,9,"(-0.074,1.030,-0.050)",LocomotionStop,,,grip locomotion stopped
2026-06-28T00:38:01.1653390Z,0.896,10,"(-0.079,1.033,-0.054)",LocomotionStop,,,grip locomotion stopped
2026-06-28T00:38:01.2638750Z,1.008,11,"(-0.084,1.037,-0.054)",LocomotionStop,,,grip locomotion stopped
2026-06-28T00:38:01.3628940Z,1.103,12,"(-0.088,1.040,-0.053)",LocomotionStop,,,grip locomotion stopped
2026-06-28T00:38:01.4629000Z,1.213,13,"(-0.089,1.041,-0.052)",LocomotionStop,,,grip locomotion stopped
2026-06-28T00:38:01.5627900Z,1.295,14,"(-0.093,1.040,-0.052)",LocomotionStop,,,grip locomotion stopped
2026-06-28T00:38:01.6628990Z,1.398,15,"(-0.095,1.037,-0.051)",LocomotionStop,,,grip locomotion stopped
2026-06-28T00:38:01.7631110Z,1.497,16,"(-0.096,1.035,-0.051)",LocomotionStop,,,grip locomotion stopped
2026-06-28T00:38:01.8630400Z,1.616,17,"(-0.097,1.032,-0.050)",LocomotionStop,,,grip locomotion stopped
2026-06-28T00:38:01.9628090Z,1.710,18,"(-0.098,1.029,-0.046)",LocomotionStop,,,grip locomotion stopped
2026-06-28T00:38:02.0627030Z,1.796,19,"(-0.100,1.028,-0.043)",LocomotionStop,,,grip locomotion stopped
2026-06-28T00:38:02.1631530Z,1.907,20,"(-0.101,1.029,-0.042)",LocomotionStop,,,grip locomotion stopped
2026-06-28T00:38:02.2630220Z,2.012,21,"(-0.102,1.028,-0.040)",LocomotionStop,,,grip locomotion stopped
2026-06-28T00:38:02.3630390Z,2.116,22,"(-0.103,1.027,-0.039)",LocomotionStop,,,grip locomotion stopped
2026-06-28T00:38:02.4629390Z,2.205,23,"(-0.104,1.026,-0.039)",LocomotionStop,,,grip locomotion stopped
2026-06-28T00:38:02.5627420Z,2.296,24,"(-0.103,1.026,-0.041)",LocomotionStop,,,grip locomotion stopped
2026-06-28T00:38:02.6632880Z,2.399,25,"(-0.102,1.027,-0.042)",LocomotionStop,,,grip locomotion stopped
2026-06-28T00:38:02.7631220Z,2.514,26,"(-0.102,1.028,-0.043)",LocomotionStop,,,grip locomotion stopped
2026-06-28T00:38:02.8630410Z,2.607,27,"(-0.103,1.028,-0.043)",LocomotionStop,,,grip locomotion stopped
2026-06-28T00:38:02.9630850Z,2.701,28,"(-0.103,1.028,-0.043)",LocomotionStop,,,grip locomotion stopped
2026-06-28T00:38:03.0628950Z,2.813,29,"(-0.103,1.028,-0.042)",LocomotionStop,,,grip locomotion stopped
2026-06-28T00:38:03.1633060Z,2.898,30,"(-0.104,1.028,-0.042)",LocomotionStop,,,grip locomotion stopped
2026-06-28T00:38:03.2657110Z,2.998,31,"(-0.104,1.028,-0.042)",LocomotionStop,,,grip locomotion stopped
2026-06-28T00:38:03.3632630Z,3.102,32,"(-0.104,1.027,-0.042)",LocomotionStop,,,grip locomotion stopped
2026-06-28T00:38:03.4627090Z,3.199,33,"(-0.104,1.027,-0.042)",LocomotionStop,,,grip locomotion stopped
2026-06-28T00:38:03.5634870Z,3.315,34,"(-0.104,1.027,-0.043)",LocomotionStop,,,grip locomotion stopped
2026-06-28T00:38:03.6630210Z,3.409,35,"(-0.104,1.028,-0.042)",LocomotionStop,,,grip locomotion stopped
2026-06-28T00:38:03.7632710Z,3.504,36,"(-0.104,1.028,-0.043)",LocomotionStop,,,grip locomotion stopped
2026-06-28T00:38:03.8632010Z,3.599,37,"(-0.104,1.028,-0.043)",LocomotionStop,,,grip locomotion stopped
2026-06-28T00:38:03.9630080Z,3.698,38,"(-0.104,1.029,-0.043)",LocomotionStop,,,grip locomotion stopped
2026-06-28T00:38:04.0630520Z,3.811,39,"(-0.105,1.028,-0.043)",LocomotionStop,,,grip locomotion stopped
2026-06-28T00:38:04.1632170Z,3.906,40,"(-0.105,1.027,-0.042)",LocomotionStop,,,grip locomotion stopped
2026-06-28T00:38:04.2631890Z,4.002,41,"(-0.106,1.026,-0.041)",LocomotionStop,,,grip locomotion stopped
2026-06-28T00:38:04.3631360Z,4.099,42,"(-0.107,1.025,-0.039)",LocomotionStop,,,grip locomotion stopped
2026-06-28T00:38:04.4630520Z,4.200,43,"(-0.108,1.022,-0.036)",LocomotionStop,,,grip locomotion stopped
2026-06-28T00:38:04.5628280Z,4.301,44,"(-0.108,1.017,-0.031)",LocomotionStop,,,grip locomotion stopped
2026-06-28T00:38:04.6629400Z,4.413,45,"(-0.108,1.009,-0.024)",LocomotionStop,,,grip locomotion stopped
2026-06-28T00:38:04.7634390Z,4.509,46,"(-0.112,0.998,-0.014)",LocomotionStop,,,grip locomotion stopped
2026-06-28T00:38:04.8631070Z,4.600,47,"(-0.120,0.990,-0.008)",LocomotionStop,,,grip locomotion stopped
2026-06-28T00:38:04.9636520Z,4.726,48,"(-0.125,0.985,-0.003)",LocomotionStop,,,grip locomotion stopped
2026-06-28T00:38:05.0628900Z,4.823,49,"(-0.128,0.983,0.000)",LocomotionStop,,,grip locomotion stopped
2026-06-28T00:38:05.1630850Z,4.920,50,"(-0.127,0.985,0.001)",LocomotionStop,,,grip locomotion stopped
2026-06-28T00:38:05.2633410Z,5.001,51,"(-0.126,0.986,0.000)",LocomotionStop,,,grip locomotion stopped
2026-06-28T00:38:05.3633860Z,5.102,52,"(-0.123,0.987,0.000)",LocomotionStop,,,grip locomotion stopped
2026-06-28T00:38:05.4633140Z,5.214,53,"(-0.119,0.987,-0.003)",LocomotionStop,,,grip locomotion stopped
2026-06-28T00:38:05.5634860Z,5.328,54,"(-0.117,0.987,-0.004)",LocomotionStop,,,grip locomotion stopped
2026-06-28T00:38:05.6628690Z,5.423,55,"(-0.118,0.985,-0.005)",LocomotionStop,,,grip locomotion stopped
2026-06-28T00:38:05.7628060Z,5.517,56,"(-0.122,0.982,-0.003)",LocomotionStop,,,grip locomotion stopped
2026-06-28T00:38:05.8631300Z,5.612,57,"(-0.124,0.981,-0.002)",LocomotionStop,,,grip locomotion stopped
2026-06-28T00:38:05.9628940Z,5.703,58,"(-0.127,0.980,0.001)",LocomotionStop,,,grip locomotion stopped
2026-06-28T00:38:06.0633490Z,5.803,59,"(-0.129,0.979,0.002)",LocomotionStop,,,grip locomotion stopped
2026-06-28T00:38:06.1635290Z,5.906,60,"(-0.128,0.979,0.003)",LocomotionStop,,,grip locomotion stopped
2026-06-28T00:38:06.2635140Z,6.023,61,"(-0.127,0.979,0.001)",LocomotionStop,,,grip locomotion stopped
2026-06-28T00:38:06.3631090Z,6.113,62,"(-0.126,0.979,-0.001)",LocomotionStop,,,grip locomotion stopped
2026-06-28T00:38:06.4634400Z,6.232,63,"(-0.126,0.978,-0.002)",LocomotionStop,,,grip locomotion stopped
2026-06-28T00:38:06.5629170Z,6.304,64,"(-0.128,0.978,-0.003)",LocomotionStop,,,grip locomotion stopped
2026-06-28T00:38:06.6637390Z,6.412,65,"(-0.130,0.977,-0.002)",LocomotionStop,,,grip locomotion stopped
2026-06-28T00:38:06.7632420Z,6.514,66,"(-0.131,0.976,0.000)",LocomotionStop,,,grip locomotion stopped
2026-06-28T00:38:06.8631410Z,6.631,67,"(-0.129,0.977,0.001)",LocomotionStop,,,grip locomotion stopped
2026-06-28T00:38:07.0923810Z,6.899,68,"(-0.127,0.976,0.001)",LocomotionStop,,,grip locomotion stopped
2026-06-28T00:38:07.1887600Z,6.907,69,"(-0.124,0.974,0.002)",LocomotionStop,,,grip locomotion stopped
2026-06-28T00:38:07.3156760Z,7.009,70,"(-0.123,0.974,0.001)",LocomotionStop,,,grip locomotion stopped
2026-06-28T00:38:07.3910080Z,7.130,71,"(-0.125,0.973,0.001)",LocomotionStop,,,grip locomotion stopped
2026-06-28T00:38:07.4899410Z,7.230,72,"(-0.126,0.972,0.002)",LocomotionStop,,,grip locomotion stopped
2026-06-28T00:38:07.5898430Z,7.316,73,"(-0.128,0.971,0.003)",LocomotionStop,,,grip locomotion stopped
2026-06-28T00:38:07.6898480Z,7.407,74,"(-0.129,0.972,0.004)",LocomotionStop,,,grip locomotion stopped
2026-06-28T00:38:07.7906270Z,7.523,75,"(-0.130,0.973,0.003)",LocomotionStop,,,grip locomotion stopped
2026-06-28T00:38:07.8897880Z,7.607,76,"(-0.129,0.972,0.003)",LocomotionStop,,,grip locomotion stopped
2026-06-28T00:38:07.9903870Z,7.719,77,"(-0.125,0.973,0.003)",LocomotionStop,,,grip locomotion stopped
2026-06-28T00:38:08.0901080Z,7.807,78,"(-0.123,0.974,0.002)",LocomotionStop,,,grip locomotion stopped
2026-06-28T00:38:08.1898670Z,7.907,79,"(-0.127,0.975,-0.001)",LocomotionStop,,,grip locomotion stopped
2026-06-28T00:38:08.2900460Z,8.022,80,"(-0.131,0.974,0.000)",LocomotionStop,,,grip locomotion stopped
2026-06-28T00:38:08.3898690Z,8.111,81,"(-0.131,0.976,0.000)",LocomotionStop,,,grip locomotion stopped
2026-06-28T00:38:08.4901060Z,8.208,82,"(-0.134,0.978,-0.003)",LocomotionStop,,,grip locomotion stopped
2026-06-28T00:38:08.5904250Z,8.308,83,"(-0.133,0.975,-0.007)",LocomotionStop,,,grip locomotion stopped
2026-06-28T00:38:08.6901480Z,8.411,84,"(-0.127,0.975,-0.010)",LocomotionStop,,,grip locomotion stopped
2026-06-28T00:38:08.7902750Z,8.521,85,"(-0.122,0.970,-0.013)",LocomotionStop,,,grip locomotion stopped
2026-06-28T00:38:08.8897190Z,8.608,86,"(-0.114,0.960,-0.015)",LocomotionStop,,,grip locomotion stopped
2026-06-28T00:38:08.9901080Z,8.728,87,"(-0.106,0.953,-0.010)",LocomotionStop,,,grip locomotion stopped
2026-06-28T00:38:09.0920950Z,8.817,88,"(-0.101,0.949,-0.005)",LocomotionStop,,,grip locomotion stopped
2026-06-28T00:38:09.1902000Z,8.912,89,"(-0.097,0.947,-0.001)",LocomotionStop,,,grip locomotion stopped
2026-06-28T00:38:09.2900230Z,9.029,90,"(-0.096,0.945,0.002)",LocomotionStop,,,grip locomotion stopped
2026-06-28T00:38:09.3898540Z,9.110,91,"(-0.095,0.942,0.005)",LocomotionStop,,,grip locomotion stopped
2026-06-28T00:38:09.4898760Z,9.219,92,"(-0.094,0.938,0.005)",LocomotionStop,,,grip locomotion stopped
2026-06-28T00:38:09.5898540Z,9.310,93,"(-0.093,0.937,0.004)",LocomotionStop,,,grip locomotion stopped
2026-06-28T00:38:09.6902090Z,9.432,94,"(-0.092,0.936,0.003)",LocomotionStop,,,grip locomotion stopped
2026-06-28T00:38:09.7896880Z,9.510,95,"(-0.091,0.936,0.003)",LocomotionStop,,,grip locomotion stopped
2026-06-28T00:38:09.8899650Z,9.616,96,"(-0.091,0.936,0.003)",LocomotionStop,,,grip locomotion stopped
2026-06-28T00:38:09.9898540Z,9.711,97,"(-0.092,0.937,0.004)",LocomotionStop,,,grip locomotion stopped
2026-06-28T00:38:10.0902900Z,9.823,98,"(-0.094,0.939,0.006)",LocomotionStop,,,grip locomotion stopped
2026-06-28T00:38:10.1899900Z,9.914,99,"(-0.098,0.945,0.007)",LocomotionStop,,,grip locomotion stopped
2026-06-28T00:38:10.2900130Z,10.035,100,"(-0.101,0.954,0.009)",LocomotionStop,,,grip locomotion stopped
2026-06-28T00:38:10.3903250Z,10.126,101,"(-0.104,0.967,0.010)",LocomotionStop,,,grip locomotion stopped
2026-06-28T00:38:10.4900150Z,10.211,102,"(-0.107,0.979,0.011)",LocomotionStop,,,grip locomotion stopped
2026-06-28T00:38:10.5900440Z,10.322,103,"(-0.112,0.988,0.009)",LocomotionStop,,,grip locomotion stopped
2026-06-28T00:38:10.6898500Z,10.421,104,"(-0.114,0.994,0.007)",LocomotionStop,,,grip locomotion stopped
2026-06-28T00:38:10.7902620Z,10.540,105,"(-0.114,0.994,0.005)",LocomotionStop,,,grip locomotion stopped
2026-06-28T00:38:10.8897390Z,10.631,106,"(-0.111,0.989,0.003)",LocomotionStop,,,grip locomotion stopped
2026-06-28T00:38:10.9897750Z,10.720,107,"(-0.104,0.989,0.001)",LocomotionStop,,,grip locomotion stopped
2026-06-28T00:38:11.0897660Z,10.815,108,"(-0.101,0.991,0.003)",LocomotionStop,,,grip locomotion stopped
2026-06-28T00:38:11.1907590Z,10.917,109,"(-0.099,0.981,0.004)",LocomotionStop,,,grip locomotion stopped
2026-06-28T00:38:11.2904030Z,11.022,110,"(-0.097,0.967,0.003)",LocomotionStop,,,grip locomotion stopped
2026-06-28T00:38:11.3896860Z,11.114,111,"(-0.099,0.972,0.005)",LocomotionStop,,,grip locomotion stopped
2026-06-28T00:38:11.4898480Z,11.213,112,"(-0.102,0.975,0.003)",LocomotionStop,,,grip locomotion stopped
2026-06-28T00:38:11.5900820Z,11.314,113,"(-0.103,0.975,0.003)",LocomotionStop,,,grip locomotion stopped
2026-06-28T00:38:11.6899260Z,11.414,114,"(-0.103,0.974,0.003)",LocomotionStop,,,grip locomotion stopped
2026-06-28T00:38:11.7902590Z,11.514,115,"(-0.102,0.972,0.003)",LocomotionStop,,,grip locomotion stopped
2026-06-28T00:38:11.8902530Z,11.621,116,"(-0.102,0.973,0.003)",LocomotionStop,,,grip locomotion stopped
2026-06-28T00:38:11.9897420Z,11.724,117,"(-0.102,0.972,0.003)",LocomotionStop,,,grip locomotion stopped
2026-06-28T00:38:12.0898100Z,11.815,118,"(-0.101,0.971,0.004)",LocomotionStop,,,grip locomotion stopped
2026-06-28T00:38:12.1900490Z,11.931,119,"(-0.101,0.969,0.004)",LocomotionStop,,,grip locomotion stopped
2026-06-28T00:38:12.2897370Z,12.018,120,"(-0.100,0.970,0.005)",LocomotionStop,,,grip locomotion stopped
2026-06-28T00:38:12.3899350Z,12.115,121,"(-0.101,0.969,0.005)",LocomotionStop,,,grip locomotion stopped
2026-06-28T00:38:12.4898400Z,12.219,122,"(-0.101,0.971,0.006)",LocomotionStop,,,grip locomotion stopped
2026-06-28T00:38:12.5899220Z,12.324,123,"(-0.101,0.969,0.006)",LocomotionStop,,,grip locomotion stopped
2026-06-28T00:38:12.6896970Z,12.416,124,"(-0.101,0.969,0.007)",LocomotionStop,,,grip locomotion stopped
2026-06-28T00:38:12.7900950Z,12.527,125,"(-0.100,0.969,0.006)",LocomotionStop,,,grip locomotion stopped
2026-06-28T00:38:12.8905770Z,12.616,126,"(-0.101,0.970,0.005)",LocomotionStop,,,grip locomotion stopped
2026-06-28T00:38:12.9897340Z,12.717,127,"(-0.100,0.968,0.005)",LocomotionStop,,,grip locomotion stopped
2026-06-28T00:38:13.0900270Z,12.816,128,"(-0.100,0.969,0.006)",LocomotionStop,,,grip locomotion stopped
2026-06-28T00:38:13.1901470Z,12.924,129,"(-0.100,0.967,0.007)",LocomotionStop,,,grip locomotion stopped
2026-06-28T00:38:13.2901350Z,13.017,130,"(-0.100,0.968,0.008)",LocomotionStop,,,grip locomotion stopped
2026-06-28T00:38:13.3900120Z,13.120,131,"(-0.092,0.978,0.013)",LocomotionStop,,,grip locomotion stopped
2026-06-28T00:38:13.4898730Z,13.235,132,"(-0.076,0.987,0.011)",LocomotionStop,,,grip locomotion stopped
2026-06-28T00:38:13.5899390Z,13.323,133,"(-0.070,0.991,0.009)",LocomotionStop,,,grip locomotion stopped
2026-06-28T00:38:13.6899580Z,13.417,134,"(-0.069,0.991,0.007)",LocomotionStop,,,grip locomotion stopped
2026-06-28T00:38:13.7900930Z,13.524,135,"(-0.068,0.996,0.005)",LocomotionStop,,,grip locomotion stopped
2026-06-28T00:38:13.8901240Z,13.630,136,"(-0.067,1.005,0.003)",LocomotionStop,,,grip locomotion stopped
2026-06-28T00:38:13.9898950Z,13.718,137,"(-0.068,1.007,0.001)",LocomotionStop,,,grip locomotion stopped
2026-06-28T00:38:14.0901120Z,13.832,138,"(-0.071,1.009,0.002)",LocomotionStop,,,grip locomotion stopped
2026-06-28T00:38:14.1901260Z,13.920,139,"(-0.073,1.011,0.002)",LocomotionStop,,,grip locomotion stopped
2026-06-28T00:38:14.2899570Z,14.020,140,"(-0.074,1.011,0.002)",LocomotionStop,,,grip locomotion stopped
2026-06-28T00:38:14.3900310Z,14.121,141,"(-0.075,1.011,0.002)",LocomotionStop,,,grip locomotion stopped
2026-06-28T00:38:14.4901340Z,14.229,142,"(-0.076,1.011,0.002)",LocomotionStop,,,grip locomotion stopped
2026-06-28T00:38:14.5897370Z,14.319,143,"(-0.078,1.011,0.002)",LocomotionStop,,,grip locomotion stopped
2026-06-28T00:38:14.6902180Z,14.420,144,"(-0.078,1.011,0.002)",LocomotionStop,,,grip locomotion stopped
2026-06-28T00:38:14.7904160Z,14.537,145,"(-0.079,1.011,0.002)",LocomotionStop,,,grip locomotion stopped
2026-06-28T00:38:14.8901470Z,14.624,146,"(-0.080,1.011,0.002)",LocomotionStop,,,grip locomotion stopped
2026-06-28T00:38:14.9900950Z,14.720,147,"(-0.081,1.012,0.002)",LocomotionStop,,,grip locomotion stopped
2026-06-28T00:38:15.0903270Z,14.828,148,"(-0.081,1.010,0.002)",LocomotionStop,,,grip locomotion stopped
2026-06-28T00:38:15.1903670Z,14.920,149,"(-0.082,1.012,0.002)",LocomotionStop,,,grip locomotion stopped
2026-06-28T00:38:15.2900910Z,15.023,150,"(-0.082,1.010,0.002)",LocomotionStop,,,grip locomotion stopped
2026-06-28T00:38:15.3898450Z,15.123,151,"(-0.082,1.010,0.003)",LocomotionStop,,,grip locomotion stopped
2026-06-28T00:38:15.4901710Z,15.229,152,"(-0.082,1.009,0.002)",LocomotionStop,,,grip locomotion stopped
2026-06-28T00:38:15.5900980Z,15.322,153,"(-0.082,1.010,0.001)",LocomotionStop,,,grip locomotion stopped
2026-06-28T00:38:15.6910790Z,15.422,154,"(-0.081,1.010,0.000)",LocomotionStop,,,grip locomotion stopped
2026-06-28T00:38:15.7899620Z,15.539,155,"(-0.082,1.011,0.001)",LocomotionStop,,,grip locomotion stopped
2026-06-28T00:38:15.8900530Z,15.626,156,"(-0.082,1.010,0.002)",LocomotionStop,,,grip locomotion stopped
2026-06-28T00:38:15.9902730Z,15.722,157,"(-0.082,1.010,0.003)",LocomotionStop,,,grip locomotion stopped
2026-06-28T00:38:16.0900550Z,15.828,158,"(-0.081,1.008,0.003)",LocomotionStop,,,grip locomotion stopped
2026-06-28T00:38:16.1902220Z,15.935,159,"(-0.081,1.008,0.002)",LocomotionStop,,,grip locomotion stopped
2026-06-28T00:38:16.2902720Z,16.023,160,"(-0.083,0.994,-0.002)",LocomotionStop,,,grip locomotion stopped
2026-06-28T00:38:16.3899940Z,16.136,161,"(-0.088,0.978,-0.004)",LocomotionStop,,,grip locomotion stopped
2026-06-28T00:38:16.4901550Z,16.224,162,"(-0.091,0.974,-0.002)",LocomotionStop,,,grip locomotion stopped
2026-06-28T00:38:16.5897970Z,16.323,163,"(-0.090,0.977,-0.002)",LocomotionStop,,,grip locomotion stopped
2026-06-28T00:38:16.6902550Z,16.432,164,"(-0.089,0.977,-0.003)",LocomotionStop,,,grip locomotion stopped
2026-06-28T00:38:16.7900570Z,16.537,165,"(-0.087,0.978,-0.004)",LocomotionStop,,,grip locomotion stopped
2026-06-28T00:38:16.8898390Z,16.625,166,"(-0.085,0.978,-0.005)",LocomotionStop,,,grip locomotion stopped
2026-06-28T00:38:16.9899070Z,16.724,167,"(-0.085,0.985,-0.004)",LocomotionStop,,,grip locomotion stopped
2026-06-28T00:38:17.0902310Z,16.829,168,"(-0.083,0.988,-0.005)",LocomotionStop,,,grip locomotion stopped
2026-06-28T00:38:17.1903300Z,16.935,169,"(-0.083,0.991,-0.004)",LocomotionStop,,,grip locomotion stopped
2026-06-28T00:38:17.2903860Z,17.024,170,"(-0.083,0.991,-0.004)",LocomotionStop,,,grip locomotion stopped
2026-06-28T00:38:17.3900610Z,17.138,171,"(-0.083,0.992,-0.005)",LocomotionStop,,,grip locomotion stopped
2026-06-28T00:38:17.4902660Z,17.226,172,"(-0.082,0.992,-0.005)",LocomotionStop,,,grip locomotion stopped
2026-06-28T00:38:17.5898870Z,17.329,173,"(-0.081,0.995,-0.004)",LocomotionStop,,,grip locomotion stopped
2026-06-28T00:38:17.6904060Z,17.428,174,"(-0.081,0.995,-0.004)",LocomotionStop,,,grip locomotion stopped
2026-06-28T00:38:17.7901490Z,17.534,175,"(-0.081,0.996,-0.004)",LocomotionStop,,,grip locomotion stopped
2026-06-28T00:38:17.8898010Z,17.626,176,"(-0.081,0.994,-0.004)",LocomotionStop,,,grip locomotion stopped
2026-06-28T00:38:17.9903860Z,17.726,177,"(-0.081,0.995,-0.004)",LocomotionStop,,,grip locomotion stopped
2026-06-28T00:38:18.0901530Z,17.840,178,"(-0.080,0.994,-0.005)",LocomotionStop,,,grip locomotion stopped
2026-06-28T00:38:18.1901300Z,17.927,179,"(-0.081,0.995,-0.005)",LocomotionStop,,,grip locomotion stopped
2026-06-28T00:38:18.2897690Z,18.026,180,"(-0.081,0.994,-0.005)",LocomotionStop,,,grip locomotion stopped
2026-06-28T00:38:18.3898700Z,18.128,181,"(-0.082,0.996,-0.005)",LocomotionStop,,,grip locomotion stopped
2026-06-28T00:38:18.4897490Z,18.231,182,"(-0.081,0.994,-0.004)",LocomotionStop,,,grip locomotion stopped
2026-06-28T00:38:18.5897830Z,18.328,183,"(-0.081,0.996,-0.004)",LocomotionStop,,,grip locomotion stopped
2026-06-28T00:38:18.6903480Z,18.431,184,"(-0.081,0.994,-0.004)",LocomotionStop,,,grip locomotion stopped
2026-06-28T00:38:18.7903640Z,18.531,185,"(-0.082,0.996,-0.005)",LocomotionStop,,,grip locomotion stopped
2026-06-28T00:38:18.8898250Z,18.628,186,"(-0.082,0.995,-0.006)",LocomotionStop,,,grip locomotion stopped
2026-06-28T00:38:18.9899650Z,18.742,187,"(-0.082,0.996,-0.005)",LocomotionStop,,,grip locomotion stopped
2026-06-28T00:38:19.0903090Z,18.836,188,"(-0.081,0.995,-0.005)",LocomotionStop,,,grip locomotion stopped
2026-06-28T00:38:19.1901210Z,18.928,189,"(-0.082,0.996,-0.004)",LocomotionStop,,,grip locomotion stopped
2026-06-28T00:38:19.2899540Z,19.029,190,"(-0.082,0.995,-0.004)",LocomotionStop,,,grip locomotion stopped
2026-06-28T00:38:19.3902000Z,19.135,191,"(-0.083,0.996,-0.004)",LocomotionStop,,,grip locomotion stopped
2026-06-28T00:38:19.4898640Z,19.231,192,"(-0.081,0.988,-0.004)",LocomotionStop,,,grip locomotion stopped
2026-06-28T00:38:19.5902470Z,19.340,193,"(-0.080,0.977,-0.004)",LocomotionStop,,,grip locomotion stopped
2026-06-28T00:38:19.6897770Z,19.433,194,"(-0.079,0.959,-0.003)",LocomotionStop,,,grip locomotion stopped
2026-06-28T00:38:19.7898970Z,19.529,195,"(-0.080,0.952,0.002)",LocomotionStop,,,grip locomotion stopped
2026-06-28T00:38:19.8898810Z,19.630,196,"(-0.079,0.947,0.005)",LocomotionStop,,,grip locomotion stopped
2026-06-28T00:38:19.9897590Z,19.731,197,"(-0.081,0.942,0.009)",LocomotionStop,,,grip locomotion stopped
2026-06-28T00:38:20.0898690Z,19.838,198,"(-0.081,0.931,0.012)",LocomotionStop,,,grip locomotion stopped
2026-06-28T00:38:20.1904830Z,19.939,199,"(-0.081,0.924,0.017)",LocomotionStop,,,grip locomotion stopped
2026-06-28T00:38:20.2898520Z,20.031,200,"(-0.080,0.925,0.017)",LocomotionStop,,,grip locomotion stopped
2026-06-28T00:38:20.3898550Z,20.140,201,"(-0.079,0.928,0.016)",LocomotionStop,,,grip locomotion stopped
2026-06-28T00:38:20.4898430Z,20.233,202,"(-0.078,0.927,0.014)",LocomotionStop,,,grip locomotion stopped
2026-06-28T00:38:20.5902440Z,20.331,203,"(-0.078,0.927,0.014)",LocomotionStop,,,grip locomotion stopped
2026-06-28T00:38:20.6900390Z,20.431,204,"(-0.078,0.927,0.012)",LocomotionStop,,,grip locomotion stopped
2026-06-28T00:38:20.7899660Z,20.531,205,"(-0.079,0.933,0.012)",LocomotionStop,,,grip locomotion stopped
2026-06-28T00:38:20.8900090Z,20.642,206,"(-0.080,0.944,0.016)",LocomotionStop,,,grip locomotion stopped
2026-06-28T00:38:20.9900280Z,20.735,207,"(-0.083,0.968,0.022)",LocomotionStop,,,grip locomotion stopped
2026-06-28T00:38:21.0898820Z,20.832,208,"(-0.082,0.996,0.015)",LocomotionStop,,,grip locomotion stopped
2026-06-28T00:38:21.1900010Z,20.935,209,"(-0.080,1.016,0.003)",LocomotionStop,,,grip locomotion stopped
2026-06-28T00:38:21.2900850Z,21.033,210,"(-0.079,1.031,-0.014)",LocomotionStop,,,grip locomotion stopped
2026-06-28T00:38:21.3899370Z,21.133,211,"(-0.078,1.038,-0.030)",LocomotionStop,,,grip locomotion stopped
2026-06-28T00:38:21.4900900Z,21.236,212,"(-0.076,1.045,-0.043)",LocomotionStop,,,grip locomotion stopped
2026-06-28T00:38:21.5897570Z,21.332,213,"(-0.074,1.048,-0.052)",LocomotionStop,,,grip locomotion stopped
2026-06-28T00:38:21.6901340Z,21.433,214,"(-0.074,1.050,-0.055)",LocomotionStop,,,grip locomotion stopped
2026-06-28T00:38:21.7898560Z,21.536,215,"(-0.075,1.050,-0.055)",LocomotionStop,,,grip locomotion stopped
2026-06-28T00:38:21.8899840Z,21.633,216,"(-0.076,1.051,-0.050)",LocomotionStop,,,grip locomotion stopped
2026-06-28T00:38:21.9898010Z,21.739,217,"(-0.076,1.050,-0.046)",LocomotionStop,,,grip locomotion stopped
2026-06-28T00:38:22.0904930Z,21.876,218,"(-0.076,1.049,-0.044)",LocomotionStop,,,grip locomotion stopped
2026-06-28T00:38:22.3271030Z,22.135,219,"(-0.076,1.048,-0.042)",LocomotionStop,,,grip locomotion stopped
2026-06-28T00:38:22.5824640Z,22.391,220,"(-0.074,1.046,-0.042)",LocomotionStop,,,grip locomotion stopped
2026-06-28T00:38:22.8350930Z,22.643,221,"(-0.077,1.046,-0.042)",LocomotionStop,,,grip locomotion stopped
2026-06-28T00:38:23.0872060Z,22.895,222,"(-0.079,1.044,-0.040)",LocomotionStop,,,grip locomotion stopped
2026-06-28T00:38:23.3415960Z,23.150,223,"(-0.079,1.043,-0.039)",LocomotionStop,,,grip locomotion stopped
2026-06-28T00:38:23.5948850Z,23.402,224,"(-0.078,1.025,-0.032)",LocomotionStop,,,grip locomotion stopped
2026-06-28T00:38:23.8489380Z,23.656,225,"(-0.077,1.024,-0.028)",LocomotionStop,,,grip locomotion stopped
2026-06-28T00:38:24.1028180Z,23.911,226,"(-0.076,1.022,-0.027)",LocomotionStop,,,grip locomotion stopped
2026-06-28T00:38:24.3589090Z,24.166,227,"(-0.076,1.022,-0.029)",LocomotionStop,,,grip locomotion stopped
2026-06-28T00:38:24.6143330Z,24.422,228,"(-0.077,1.022,-0.028)",LocomotionStop,,,grip locomotion stopped
2026-06-28T00:38:24.8651430Z,24.673,229,"(-0.077,1.021,-0.028)",LocomotionStop,,,grip locomotion stopped
2026-06-28T00:38:25.1140270Z,24.922,230,"(-0.077,1.019,-0.027)",LocomotionStop,,,grip locomotion stopped
2026-06-28T00:38:25.3612990Z,25.169,231,"(-0.078,1.019,-0.027)",LocomotionStop,,,grip locomotion stopped
2026-06-28T00:38:25.6050320Z,25.413,232,"(-0.078,1.019,-0.028)",LocomotionStop,,,grip locomotion stopped
2026-06-28T00:38:25.8470300Z,25.655,233,"(-0.079,1.019,-0.028)",LocomotionStop,,,grip locomotion stopped
2026-06-28T00:38:26.0653190Z,25.873,234,"(-0.079,1.020,-0.028)",LocomotionStop,,,grip locomotion stopped
2026-06-28T00:38:26.1866920Z,25.996,235,"(-0.079,1.019,-0.028)",LocomotionStop,,,grip locomotion stopped
2026-06-28T00:38:26.3052570Z,26.114,236,"(0.000,1.022,0.000)",LocomotionStop,,,grip locomotion stopped
2026-06-28T00:38:26.4542470Z,26.263,237,"(0.000,1.022,0.000)",LocomotionStop,,,grip locomotion stopped
2026-06-28T00:38:26.6293850Z,26.438,238,"(0.000,1.022,0.000)",LocomotionStop,,,grip locomotion stopped
2026-06-28T00:38:26.7480270Z,26.556,239,"(-0.001,1.022,0.001)",LocomotionStop,,,grip locomotion stopped
2026-06-28T00:38:26.8613840Z,26.671,240,"(-0.001,1.021,0.001)",LocomotionStop,,,grip locomotion stopped
2026-06-28T00:38:26.9775130Z,26.786,241,"(-0.001,1.021,0.001)",LocomotionStop,,,grip locomotion stopped
2026-06-28T00:38:27.1261990Z,26.935,242,"(-0.001,1.021,0.001)",LocomotionStop,,,grip locomotion stopped
2026-06-28T00:38:27.2798550Z,27.089,243,"(-0.001,1.020,0.002)",LocomotionStop,,,grip locomotion stopped
2026-06-28T00:38:27.4446090Z,27.253,244,"(0.000,1.020,0.002)",LocomotionStop,,,grip locomotion stopped
2026-06-28T00:38:27.6971860Z,27.505,245,"(0.000,1.020,0.002)",LocomotionStop,,,grip locomotion stopped
2026-06-28T00:38:27.9412360Z,27.749,246,"(-0.001,1.020,0.002)",LocomotionStop,,,grip locomotion stopped
2026-06-28T00:38:28.0631820Z,27.872,247,"(-0.001,1.020,0.002)",LocomotionStop,,,grip locomotion stopped
2026-06-28T00:38:28.1799960Z,27.989,248,"(-0.001,1.020,0.003)",LocomotionStop,,,grip locomotion stopped
2026-06-28T00:38:28.2925380Z,28.101,249,"(-0.001,1.020,0.003)",LocomotionStop,,,grip locomotion stopped
2026-06-28T00:38:28.4003800Z,28.210,250,"(-0.001,1.020,0.003)",LocomotionStop,,,grip locomotion stopped
2026-06-28T00:38:28.5072220Z,28.317,251,"(-0.001,1.019,0.003)",LocomotionStop,,,grip locomotion stopped
2026-06-28T00:38:28.6142040Z,28.423,252,"(-0.001,1.020,0.003)",LocomotionStop,,,grip locomotion stopped
2026-06-28T00:38:28.7180690Z,28.527,253,"(-0.001,1.020,0.003)",LocomotionStop,,,grip locomotion stopped
2026-06-28T00:38:28.8229160Z,28.632,254,"(-0.001,1.020,0.003)",LocomotionStop,,,grip locomotion stopped
2026-06-28T00:38:28.9244800Z,28.734,255,"(-0.001,1.020,0.003)",LocomotionStop,,,grip locomotion stopped
2026-06-28T00:38:29.0274000Z,28.836,256,"(-0.001,1.020,0.003)",LocomotionStop,,,grip locomotion stopped
2026-06-28T00:38:29.1329170Z,28.942,257,"(-0.001,1.020,0.002)",LocomotionStop,,,grip locomotion stopped
2026-06-28T00:38:29.2329110Z,29.042,258,"(-0.002,1.020,0.002)",LocomotionStop,,,grip locomotion stopped
2026-06-28T00:38:29.3330970Z,29.142,259,"(-0.002,1.020,0.002)",LocomotionStop,,,grip locomotion stopped
2026-06-28T00:38:29.4392120Z,29.248,260,"(-0.002,1.020,0.002)",LocomotionStop,,,grip locomotion stopped
2026-06-28T00:38:29.5391930Z,29.348,261,"(-0.002,1.019,0.002)",LocomotionStop,,,grip locomotion stopped
2026-06-28T00:38:29.6440870Z,29.453,262,"(-0.002,1.018,0.002)",LocomotionStop,,,grip locomotion stopped
2026-06-28T00:38:29.7518390Z,29.561,263,"(-0.003,1.014,0.003)",LocomotionStop,,,grip locomotion stopped
2026-06-28T00:38:29.8643900Z,29.673,264,"(-0.004,1.004,0.005)",LocomotionStop,,,grip locomotion stopped
2026-06-28T00:38:30.0271140Z,29.836,265,"(-0.006,0.994,0.009)",LocomotionStop,,,grip locomotion stopped
2026-06-28T00:38:30.2608380Z,30.069,266,"(-0.008,0.987,0.014)",LocomotionStop,,,grip locomotion stopped
2026-06-28T00:38:30.5373490Z,30.345,267,"(-0.006,0.985,0.016)",LocomotionStop,,,grip locomotion stopped
2026-06-28T00:38:30.8092530Z,30.617,268,"(-0.007,0.984,0.014)",LocomotionStop,,,grip locomotion stopped
2026-06-28T00:38:31.0742730Z,30.882,269,"(-0.008,0.984,0.015)",LocomotionStop,,,grip locomotion stopped
2026-06-28T00:38:31.3273460Z,31.135,270,"(-0.008,0.984,0.015)",LocomotionStop,,,grip locomotion stopped
2026-06-28T00:38:31.5882220Z,31.396,271,"(-0.007,0.984,0.015)",LocomotionStop,,,grip locomotion stopped
2026-06-28T00:38:31.7053960Z,31.515,272,"(-0.008,0.984,0.015)",LocomotionStop,,,grip locomotion stopped
2026-06-28T00:38:31.8201760Z,31.629,273,"(-0.007,0.983,0.015)",LocomotionStop,,,grip locomotion stopped
2026-06-28T00:38:31.9364920Z,31.745,274,"(-0.007,0.984,0.015)",LocomotionStop,,,grip locomotion stopped
2026-06-28T00:38:32.0512270Z,31.860,275,"(-0.007,0.984,0.015)",LocomotionStop,,,grip locomotion stopped
2026-06-28T00:38:32.1668840Z,31.976,276,"(-0.007,0.985,0.014)",LocomotionStop,,,grip locomotion stopped
2026-06-28T00:38:32.2839990Z,32.093,277,"(-0.007,0.986,0.014)",LocomotionStop,,,grip locomotion stopped
2026-06-28T00:38:32.4002270Z,32.209,278,"(-0.007,0.986,0.014)",LocomotionStop,,,grip locomotion stopped
2026-06-28T00:38:32.5152460Z,32.324,279,"(-0.008,0.986,0.014)",LocomotionStop,,,grip locomotion stopped
2026-06-28T00:38:32.6318250Z,32.440,280,"(-0.008,0.986,0.014)",LocomotionStop,,,grip locomotion stopped
2026-06-28T00:38:32.7454370Z,32.555,281,"(-0.008,0.986,0.013)",LocomotionStop,,,grip locomotion stopped
2026-06-28T00:38:32.8601750Z,32.669,282,"(-0.008,0.986,0.013)",LocomotionStop,,,grip locomotion stopped
2026-06-28T00:38:32.9742030Z,32.783,283,"(-0.008,0.986,0.013)",LocomotionStop,,,grip locomotion stopped
2026-06-28T00:38:33.0885710Z,32.898,284,"(-0.008,0.986,0.013)",LocomotionStop,,,grip locomotion stopped
2026-06-28T00:38:33.2044070Z,33.013,285,"(-0.009,0.986,0.013)",LocomotionStop,,,grip locomotion stopped
2026-06-28T00:38:33.3179670Z,33.127,286,"(-0.009,0.986,0.013)",LocomotionStop,,,grip locomotion stopped
2026-06-28T00:38:33.4329420Z,33.242,287,"(-0.009,0.986,0.013)",LocomotionStop,,,grip locomotion stopped
2026-06-28T00:38:33.5470670Z,33.356,288,"(-0.009,0.986,0.013)",LocomotionStop,,,grip locomotion stopped
2026-06-28T00:38:33.6621990Z,33.471,289,"(-0.009,0.986,0.013)",LocomotionStop,,,grip locomotion stopped
2026-06-28T00:38:33.7761730Z,33.585,290,"(-0.009,0.985,0.013)",LocomotionStop,,,grip locomotion stopped
2026-06-28T00:38:33.8904660Z,33.699,291,"(-0.009,0.985,0.013)",LocomotionStop,,,grip locomotion stopped
2026-06-28T00:38:34.0041660Z,33.813,292,"(-0.010,0.985,0.014)",LocomotionStop,,,grip locomotion stopped
2026-06-28T00:38:34.1201730Z,33.929,293,"(-0.010,0.985,0.014)",LocomotionStop,,,grip locomotion stopped
2026-06-28T00:38:34.2369530Z,34.045,294,"(-0.009,0.985,0.014)",LocomotionStop,,,grip locomotion stopped
2026-06-28T00:38:34.3559750Z,34.165,295,"(-0.009,0.985,0.014)",LocomotionStop,,,grip locomotion stopped
2026-06-28T00:38:34.4754480Z,34.284,296,"(-0.009,0.984,0.014)",LocomotionStop,,,grip locomotion stopped
2026-06-28T00:38:34.5955720Z,34.405,297,"(-0.009,0.984,0.014)",LocomotionStop,,,grip locomotion stopped
2026-06-28T00:38:34.7155750Z,34.525,298,"(-0.009,0.984,0.014)",LocomotionStop,,,grip locomotion stopped
2026-06-28T00:38:34.8406720Z,34.649,299,"(-0.009,0.984,0.014)",LocomotionStop,,,grip locomotion stopped
2026-06-28T00:38:34.9658850Z,34.775,300,"(-0.009,0.984,0.014)",LocomotionStop,,,grip locomotion stopped
2026-06-28T00:38:35.0881900Z,34.897,301,"(-0.009,0.984,0.014)",LocomotionStop,,,grip locomotion stopped
2026-06-28T00:38:35.2115890Z,35.021,302,"(-0.009,0.984,0.014)",LocomotionStop,,,grip locomotion stopped
2026-06-28T00:38:35.3346920Z,35.143,303,"(-0.009,0.984,0.014)",LocomotionStop,,,grip locomotion stopped
2026-06-28T00:38:35.4556140Z,35.264,304,"(-0.009,0.984,0.014)",LocomotionStop,,,grip locomotion stopped
2026-06-28T00:38:35.5800680Z,35.389,305,"(-0.009,0.984,0.014)",LocomotionStop,,,grip locomotion stopped
2026-06-28T00:38:35.7004020Z,35.509,306,"(-0.009,0.984,0.014)",LocomotionStop,,,grip locomotion stopped
2026-06-28T00:38:35.8232880Z,35.632,307,"(-0.009,0.984,0.014)",LocomotionStop,,,grip locomotion stopped
2026-06-28T00:38:35.9451960Z,35.754,308,"(-0.008,0.984,0.014)",LocomotionStop,,,grip locomotion stopped
2026-06-28T00:38:36.0690350Z,35.878,309,"(-0.008,0.984,0.014)",LocomotionStop,,,grip locomotion stopped
2026-06-28T00:38:36.1930070Z,36.001,310,"(-0.009,0.984,0.014)",LocomotionStop,,,grip locomotion stopped
2026-06-28T00:38:36.3167070Z,36.125,311,"(-0.009,0.984,0.014)",LocomotionStop,,,grip locomotion stopped
2026-06-28T00:38:36.4390090Z,36.247,312,"(-0.009,0.984,0.014)",LocomotionStop,,,grip locomotion stopped
2026-06-28T00:38:36.5633260Z,36.372,313,"(-0.009,0.984,0.014)",LocomotionStop,,,grip locomotion stopped
2026-06-28T00:38:36.6876720Z,36.496,314,"(-0.009,0.984,0.014)",LocomotionStop,,,grip locomotion stopped
2026-06-28T00:38:36.8111520Z,36.620,315,"(-0.009,0.984,0.014)",LocomotionStop,,,grip locomotion stopped
2026-06-28T00:38:36.9342680Z,36.743,316,"(-0.009,0.985,0.013)",LocomotionStop,,,grip locomotion stopped
2026-06-28T00:38:37.0577540Z,36.867,317,"(-0.009,0.985,0.013)",LocomotionStop,,,grip locomotion stopped
2026-06-28T00:38:37.1800890Z,36.989,318,"(-0.009,0.985,0.013)",LocomotionStop,,,grip locomotion stopped
2026-06-28T00:38:37.3024420Z,37.112,319,"(-0.009,0.985,0.013)",LocomotionStop,,,grip locomotion stopped
2026-06-28T00:38:37.4244330Z,37.233,320,"(-0.010,0.986,0.014)",LocomotionStop,,,grip locomotion stopped
2026-06-28T00:38:37.5470790Z,37.355,321,"(-0.010,0.985,0.014)",LocomotionStop,,,grip locomotion stopped
2026-06-28T00:38:37.6675280Z,37.477,322,"(-0.010,0.985,0.014)",LocomotionStop,,,grip locomotion stopped
2026-06-28T00:38:37.7862750Z,37.595,323,"(-0.010,0.985,0.014)",LocomotionStop,,,grip locomotion stopped
2026-06-28T00:38:37.9006930Z,37.710,324,"(-0.009,0.985,0.014)",LocomotionStop,,,grip locomotion stopped
2026-06-28T00:38:38.0144540Z,37.823,325,"(-0.009,0.985,0.014)",LocomotionStop,,,grip locomotion stopped
2026-06-28T00:38:38.1264730Z,37.936,326,"(-0.009,0.985,0.014)",LocomotionStop,,,grip locomotion stopped
2026-06-28T00:38:38.2398440Z,38.049,327,"(-0.010,0.985,0.014)",LocomotionStop,,,grip locomotion stopped
2026-06-28T00:38:38.3540610Z,38.163,328,"(-0.010,0.985,0.014)",LocomotionStop,,,grip locomotion stopped
2026-06-28T00:38:38.4666190Z,38.276,329,"(-0.009,0.985,0.014)",LocomotionStop,,,grip locomotion stopped
2026-06-28T00:38:38.5834170Z,38.392,330,"(-0.009,0.985,0.014)",LocomotionStop,,,grip locomotion stopped
2026-06-28T00:38:38.7000790Z,38.509,331,"(-0.009,0.984,0.014)",LocomotionStop,,,grip locomotion stopped
2026-06-28T00:38:38.8160420Z,38.625,332,"(-0.009,0.984,0.014)",LocomotionStop,,,grip locomotion stopped
2026-06-28T00:38:38.9329970Z,38.742,333,"(-0.009,0.984,0.014)",LocomotionStop,,,grip locomotion stopped
2026-06-28T00:38:39.0509550Z,38.859,334,"(-0.009,0.984,0.014)",LocomotionStop,,,grip locomotion stopped
2026-06-28T00:38:39.1661460Z,38.975,335,"(-0.009,0.985,0.014)",LocomotionStop,,,grip locomotion stopped
2026-06-28T00:38:39.2831600Z,39.092,336,"(-0.009,0.985,0.014)",LocomotionStop,,,grip locomotion stopped
2026-06-28T00:38:39.4031330Z,39.212,337,"(-0.009,0.985,0.014)",LocomotionStop,,,grip locomotion stopped
2026-06-28T00:38:39.5211950Z,39.330,338,"(-0.008,0.985,0.014)",LocomotionStop,,,grip locomotion stopped
2026-06-28T00:38:39.6399150Z,39.449,339,"(-0.008,0.985,0.014)",LocomotionStop,,,grip locomotion stopped
2026-06-28T00:38:39.7582290Z,39.567,340,"(-0.009,0.985,0.014)",LocomotionStop,,,grip locomotion stopped
2026-06-28T00:38:39.8771570Z,39.687,341,"(-0.009,0.985,0.014)",LocomotionStop,,,grip locomotion stopped
2026-06-28T00:38:39.9966600Z,39.805,342,"(-0.009,0.985,0.014)",LocomotionStop,,,grip locomotion stopped
2026-06-28T00:38:40.1160810Z,39.925,343,"(-0.009,0.985,0.014)",LocomotionStop,,,grip locomotion stopped
2026-06-28T00:38:40.2374010Z,40.046,344,"(-0.010,0.985,0.014)",LocomotionStop,,,grip locomotion stopped
2026-06-28T00:38:40.3551860Z,40.164,345,"(-0.010,0.985,0.013)",LocomotionStop,,,grip locomotion stopped
2026-06-28T00:38:40.4746220Z,40.283,346,"(-0.010,0.985,0.013)",LocomotionStop,,,grip locomotion stopped
2026-06-28T00:38:40.5926390Z,40.401,347,"(-0.010,0.985,0.013)",LocomotionStop,,,grip locomotion stopped
2026-06-28T00:38:40.7102920Z,40.520,348,"(-0.010,0.985,0.013)",LocomotionStop,,,grip locomotion stopped
2026-06-28T00:38:40.8298040Z,40.639,349,"(-0.010,0.985,0.013)",LocomotionStop,,,grip locomotion stopped
2026-06-28T00:38:40.9488970Z,40.758,350,"(-0.010,0.985,0.013)",LocomotionStop,,,grip locomotion stopped
2026-06-28T00:38:41.0686400Z,40.878,351,"(-0.009,0.985,0.013)",LocomotionStop,,,grip locomotion stopped
2026-06-28T00:38:41.1876310Z,40.996,352,"(-0.010,0.985,0.013)",LocomotionStop,,,grip locomotion stopped
2026-06-28T00:38:41.3081940Z,41.117,353,"(-0.011,0.985,0.013)",LocomotionStop,,,grip locomotion stopped
2026-06-28T00:38:41.4265390Z,41.235,354,"(-0.012,0.985,0.013)",LocomotionStop,,,grip locomotion stopped
2026-06-28T00:38:41.5426140Z,41.352,355,"(-0.012,0.985,0.014)",LocomotionStop,,,grip locomotion stopped
2026-06-28T00:38:41.6551180Z,41.464,356,"(-0.011,0.985,0.014)",LocomotionStop,,,grip locomotion stopped
2026-06-28T00:38:41.7663760Z,41.576,357,"(-0.011,0.985,0.014)",LocomotionStop,,,grip locomotion stopped
2026-06-28T00:38:41.8736940Z,41.683,358,"(-0.010,0.985,0.014)",LocomotionStop,,,grip locomotion stopped
2026-06-28T00:38:41.9780900Z,41.787,359,"(-0.010,0.985,0.014)",LocomotionStop,,,grip locomotion stopped
2026-06-28T00:38:42.0826830Z,41.892,360,"(-0.010,0.985,0.014)",LocomotionStop,,,grip locomotion stopped
2026-06-28T00:38:42.1871110Z,41.996,361,"(-0.011,0.985,0.014)",LocomotionStop,,,grip locomotion stopped
2026-06-28T00:38:42.2868040Z,42.094,362,"(-0.011,0.985,0.014)",LocomotionStop,,,grip locomotion stopped
2026-06-28T00:38:42.3869490Z,42.193,363,"(-0.011,0.985,0.014)",LocomotionStop,,,grip locomotion stopped
2026-06-28T00:38:42.4868370Z,42.293,364,"(-0.010,0.985,0.014)",LocomotionStop,,,grip locomotion stopped
2026-06-28T00:38:42.5908370Z,42.400,365,"(-0.010,0.985,0.014)",LocomotionStop,,,grip locomotion stopped
2026-06-28T00:38:42.6909480Z,42.498,366,"(-0.010,0.984,0.014)",LocomotionStop,,,grip locomotion stopped
2026-06-28T00:38:42.7905680Z,42.595,367,"(-0.010,0.984,0.014)",LocomotionStop,,,grip locomotion stopped
2026-06-28T00:38:42.8906380Z,42.694,368,"(-0.010,0.984,0.014)",LocomotionStop,,,grip locomotion stopped
2026-06-28T00:38:42.9909230Z,42.795,369,"(-0.010,0.985,0.014)",LocomotionStop,,,grip locomotion stopped
2026-06-28T00:38:43.0959070Z,42.904,370,"(-0.010,0.985,0.014)",LocomotionStop,,,grip locomotion stopped
2026-06-28T00:38:43.2144170Z,43.023,371,"(-0.010,0.985,0.014)",LocomotionStop,,,grip locomotion stopped
2026-06-28T00:38:43.3376430Z,43.146,372,"(-0.010,0.986,0.014)",LocomotionStop,,,grip locomotion stopped
2026-06-28T00:38:43.4655640Z,43.274,373,"(-0.010,0.986,0.014)",LocomotionStop,,,grip locomotion stopped
2026-06-28T00:38:43.5877500Z,43.397,374,"(-0.010,0.986,0.014)",LocomotionStop,,,grip locomotion stopped
2026-06-28T00:38:43.7069560Z,43.516,375,"(-0.010,0.986,0.014)",LocomotionStop,,,grip locomotion stopped
2026-06-28T00:38:43.8169750Z,43.626,376,"(-0.010,0.986,0.014)",LocomotionStop,,,grip locomotion stopped
2026-06-28T00:38:43.9270750Z,43.736,377,"(-0.010,0.986,0.013)",LocomotionStop,,,grip locomotion stopped
2026-06-28T00:38:44.0369530Z,43.845,378,"(-0.010,0.987,0.013)",LocomotionStop,,,grip locomotion stopped
2026-06-28T00:38:44.1449550Z,43.954,379,"(-0.010,0.987,0.013)",LocomotionStop,,,grip locomotion stopped
2026-06-28T00:38:44.2531940Z,44.062,380,"(-0.010,0.988,0.013)",LocomotionStop,,,grip locomotion stopped
2026-06-28T00:38:44.3619980Z,44.171,381,"(-0.009,0.991,0.013)",LocomotionStop,,,grip locomotion stopped
2026-06-28T00:38:44.4744810Z,44.283,382,"(-0.009,0.992,0.012)",LocomotionStop,,,grip locomotion stopped
2026-06-28T00:38:44.5879050Z,44.397,383,"(-0.009,0.991,0.012)",LocomotionStop,,,grip locomotion stopped
2026-06-28T00:38:44.7011540Z,44.510,384,"(-0.008,0.989,0.012)",LocomotionStop,,,grip locomotion stopped
2026-06-28T00:38:44.8175810Z,44.627,385,"(-0.008,0.988,0.011)",LocomotionStop,,,grip locomotion stopped
2026-06-28T00:38:44.9373250Z,44.746,386,"(-0.008,0.988,0.010)",LocomotionStop,,,grip locomotion stopped
2026-06-28T00:38:45.0662220Z,44.875,387,"(-0.005,0.986,0.008)",LocomotionStop,,,grip locomotion stopped
2026-06-28T00:38:45.1919550Z,45.001,388,"(0.007,0.972,0.007)",LocomotionStop,,,grip locomotion stopped
2026-06-28T00:38:45.3177980Z,45.127,389,"(0.019,0.956,0.010)",LocomotionStop,,,grip locomotion stopped
2026-06-28T00:38:45.4425700Z,45.251,390,"(0.027,0.939,0.016)",LocomotionStop,,,grip locomotion stopped
2026-06-28T00:38:45.5674640Z,45.376,391,"(0.032,0.925,0.022)",LocomotionStop,,,grip locomotion stopped
2026-06-28T00:38:45.6904840Z,45.499,392,"(0.037,0.915,0.028)",LocomotionStop,,,grip locomotion stopped
2026-06-28T00:38:45.8118420Z,45.621,393,"(0.037,0.913,0.031)",LocomotionStop,,,grip locomotion stopped
2026-06-28T00:38:45.9336320Z,45.743,394,"(0.036,0.912,0.030)",LocomotionStop,,,grip locomotion stopped
2026-06-28T00:38:46.0573490Z,45.866,395,"(0.035,0.912,0.028)",LocomotionStop,,,grip locomotion stopped
2026-06-28T00:38:46.1808020Z,45.990,396,"(0.035,0.914,0.027)",LocomotionStop,,,grip locomotion stopped
2026-06-28T00:38:46.3044960Z,46.113,397,"(0.035,0.919,0.029)",LocomotionStop,,,grip locomotion stopped
2026-06-28T00:38:46.4288230Z,46.237,398,"(0.034,0.933,0.032)",LocomotionStop,,,grip locomotion stopped
2026-06-28T00:38:46.5480510Z,46.357,399,"(0.033,0.951,0.035)",LocomotionStop,,,grip locomotion stopped
2026-06-28T00:38:46.6696480Z,46.479,400,"(0.030,0.969,0.034)",LocomotionStop,,,grip locomotion stopped
2026-06-28T00:38:46.7928890Z,46.602,401,"(0.025,0.991,0.028)",LocomotionStop,,,grip locomotion stopped
2026-06-28T00:38:46.9138300Z,46.723,402,"(0.019,1.010,0.018)",LocomotionStop,,,grip locomotion stopped
2026-06-28T00:38:47.0352590Z,46.844,403,"(0.014,1.023,0.007)",LocomotionStop,,,grip locomotion stopped
2026-06-28T00:38:47.1547160Z,46.964,404,"(0.012,1.032,-0.001)",LocomotionStop,,,grip locomotion stopped
2026-06-28T00:38:47.2764040Z,47.085,405,"(0.010,1.039,-0.009)",LocomotionStop,,,grip locomotion stopped
2026-06-28T00:38:47.3998030Z,47.209,406,"(0.009,1.043,-0.014)",LocomotionStop,,,grip locomotion stopped
2026-06-28T00:38:47.5234000Z,47.332,407,"(0.009,1.046,-0.017)",LocomotionStop,,,grip locomotion stopped
2026-06-28T00:38:47.6450800Z,47.454,408,"(0.009,1.049,-0.021)",LocomotionStop,,,grip locomotion stopped
2026-06-28T00:38:47.7675300Z,47.576,409,"(0.008,1.051,-0.024)",LocomotionStop,,,grip locomotion stopped
2026-06-28T00:38:47.8893150Z,47.698,410,"(0.007,1.052,-0.027)",LocomotionStop,,,grip locomotion stopped
2026-06-28T00:38:48.0131070Z,47.822,411,"(0.006,1.052,-0.028)",LocomotionStop,,,grip locomotion stopped
2026-06-28T00:38:48.1364350Z,47.945,412,"(0.006,1.052,-0.027)",LocomotionStop,,,grip locomotion stopped
2026-06-28T00:38:48.2612950Z,48.070,413,"(0.006,1.052,-0.026)",LocomotionStop,,,grip locomotion stopped
2026-06-28T00:38:48.3828880Z,48.192,414,"(0.006,1.052,-0.025)",LocomotionStop,,,grip locomotion stopped
2026-06-28T00:38:48.5087480Z,48.317,415,"(0.006,1.052,-0.025)",LocomotionStop,,,grip locomotion stopped
2026-06-28T00:38:48.6331820Z,48.442,416,"(0.006,1.052,-0.025)",LocomotionStop,,,grip locomotion stopped
2026-06-28T00:38:48.7565040Z,48.565,417,"(0.005,1.052,-0.025)",LocomotionStop,,,grip locomotion stopped
2026-06-28T00:38:48.8802040Z,48.689,418,"(0.004,1.052,-0.025)",LocomotionStop,,,grip locomotion stopped
2026-06-28T00:38:49.0057840Z,48.815,419,"(0.003,1.052,-0.025)",LocomotionStop,,,grip locomotion stopped
2026-06-28T00:38:49.1298550Z,48.938,420,"(0.003,1.052,-0.025)",LocomotionStop,,,grip locomotion stopped
2026-06-28T00:38:49.2541870Z,49.063,421,"(0.003,1.052,-0.024)",LocomotionStop,,,grip locomotion stopped
2026-06-28T00:38:49.3770450Z,49.186,422,"(0.003,1.051,-0.023)",LocomotionStop,,,grip locomotion stopped
2026-06-28T00:38:49.5014670Z,49.310,423,"(0.003,1.050,-0.023)",LocomotionStop,,,grip locomotion stopped
2026-06-28T00:38:49.6246580Z,49.433,424,"(0.003,1.049,-0.022)",LocomotionStop,,,grip locomotion stopped
2026-06-28T00:38:49.7493170Z,49.558,425,"(0.002,1.049,-0.020)",LocomotionStop,,,grip locomotion stopped
2026-06-28T00:38:49.8726580Z,49.681,426,"(0.002,1.048,-0.019)",LocomotionStop,,,grip locomotion stopped
2026-06-28T00:38:49.9942580Z,49.803,427,"(0.002,1.048,-0.019)",LocomotionStop,,,grip locomotion stopped
2026-06-28T00:38:50.1134910Z,49.921,428,"(0.002,1.048,-0.019)",LocomotionStop,,,grip locomotion stopped
2026-06-28T00:38:50.2273200Z,50.036,429,"(0.002,1.047,-0.018)",LocomotionStop,,,grip locomotion stopped
2026-06-28T00:38:50.3437570Z,50.153,430,"(0.003,1.046,-0.018)",LocomotionStop,,,grip locomotion stopped
2026-06-28T00:38:50.4590040Z,50.268,431,"(0.003,1.046,-0.017)",LocomotionStop,,,grip locomotion stopped
2026-06-28T00:38:50.5731130Z,50.382,432,"(0.003,1.046,-0.016)",LocomotionStop,,,grip locomotion stopped
2026-06-28T00:38:50.6870380Z,50.496,433,"(0.002,1.046,-0.016)",LocomotionStop,,,grip locomotion stopped
2026-06-28T00:38:50.8025320Z,50.611,434,"(0.002,1.046,-0.016)",LocomotionStop,,,grip locomotion stopped
2026-06-28T00:38:50.9157110Z,50.725,435,"(0.002,1.045,-0.016)",LocomotionStop,,,grip locomotion stopped
2026-06-28T00:38:51.0296600Z,50.839,436,"(0.002,1.045,-0.015)",LocomotionStop,,,grip locomotion stopped
2026-06-28T00:38:51.1445840Z,50.953,437,"(0.001,1.045,-0.015)",LocomotionStop,,,grip locomotion stopped
2026-06-28T00:38:51.2592600Z,51.068,438,"(0.001,1.046,-0.015)",LocomotionStop,,,grip locomotion stopped
2026-06-28T00:38:51.3743070Z,51.183,439,"(0.001,1.046,-0.015)",LocomotionStop,,,grip locomotion stopped
2026-06-28T00:38:51.4889950Z,51.297,440,"(0.001,1.046,-0.015)",LocomotionStop,,,grip locomotion stopped
2026-06-28T00:38:51.6037800Z,51.413,441,"(0.001,1.046,-0.015)",LocomotionStop,,,grip locomotion stopped
2026-06-28T00:38:51.7197160Z,51.529,442,"(0.001,1.046,-0.015)",LocomotionStop,,,grip locomotion stopped
2026-06-28T00:38:51.8348770Z,51.644,443,"(0.001,1.046,-0.015)",LocomotionStop,,,grip locomotion stopped
2026-06-28T00:38:51.9491250Z,51.758,444,"(0.001,1.046,-0.014)",LocomotionStop,,,grip locomotion stopped
2026-06-28T00:38:52.0673680Z,51.876,445,"(0.001,1.045,-0.014)",LocomotionStop,,,grip locomotion stopped
2026-06-28T00:38:52.1818870Z,51.991,446,"(0.000,1.045,-0.014)",LocomotionStop,,,grip locomotion stopped
2026-06-28T00:38:52.2977490Z,52.106,447,"(0.000,1.045,-0.014)",LocomotionStop,,,grip locomotion stopped
2026-06-28T00:38:52.4127260Z,52.222,448,"(0.000,1.045,-0.014)",LocomotionStop,,,grip locomotion stopped
2026-06-28T00:38:52.5296880Z,52.339,449,"(0.000,1.044,-0.014)",LocomotionStop,,,grip locomotion stopped
2026-06-28T00:38:52.6437310Z,52.453,450,"(0.000,1.033,-0.011)",LocomotionStop,,,grip locomotion stopped
2026-06-28T00:38:52.7602850Z,52.569,451,"(0.000,1.030,-0.008)",LocomotionStop,,,grip locomotion stopped
2026-06-28T00:38:52.8752290Z,52.684,452,"(0.001,1.032,-0.007)",LocomotionStop,,,grip locomotion stopped
2026-06-28T00:38:52.9893120Z,52.799,453,"(0.000,1.037,-0.008)",LocomotionStop,,,grip locomotion stopped
2026-06-28T00:38:53.1045190Z,52.913,454,"(0.000,1.043,-0.010)",LocomotionStop,,,grip locomotion stopped
2026-06-28T00:38:53.2205420Z,53.030,455,"(0.000,1.053,-0.009)",LocomotionStop,,,grip locomotion stopped
2026-06-28T00:38:53.3342240Z,53.143,456,"(0.004,1.068,-0.006)",LocomotionStop,,,grip locomotion stopped
2026-06-28T00:38:53.4478090Z,53.257,457,"(0.014,1.093,-0.002)",LocomotionStop,,,grip locomotion stopped
2026-06-28T00:38:53.5614020Z,53.370,458,"(0.020,1.108,0.010)",LocomotionStop,,,grip locomotion stopped
2026-06-28T00:38:53.6743850Z,53.483,459,"(0.026,1.115,0.028)",LocomotionStop,,,grip locomotion stopped
2026-06-28T00:38:53.7879180Z,53.597,460,"(0.034,1.118,0.048)",LocomotionStop,,,grip locomotion stopped
2026-06-28T00:38:53.9020030Z,53.711,461,"(0.037,1.120,0.071)",LocomotionStop,,,grip locomotion stopped
2026-06-28T00:38:54.0136620Z,53.823,462,"(0.036,1.120,0.101)",LocomotionStop,,,grip locomotion stopped
2026-06-28T00:38:54.1279800Z,53.937,463,"(0.041,1.122,0.122)",LocomotionStop,,,grip locomotion stopped
2026-06-28T00:38:54.2417150Z,54.051,464,"(0.047,1.122,0.142)",LocomotionStop,,,grip locomotion stopped
2026-06-28T00:38:54.3565070Z,54.166,465,"(0.053,1.120,0.159)",LocomotionStop,,,grip locomotion stopped
2026-06-28T00:38:54.4700340Z,54.279,466,"(0.056,1.113,0.173)",LocomotionStop,,,grip locomotion stopped
2026-06-28T00:38:54.5843710Z,54.393,467,"(0.046,1.111,0.183)",LocomotionStop,,,grip locomotion stopped
2026-06-28T00:38:54.6978810Z,54.507,468,"(0.020,1.115,0.190)",LocomotionStop,,,grip locomotion stopped
2026-06-28T00:38:54.8111290Z,54.620,469,"(0.000,1.121,0.189)",LocomotionStop,,,grip locomotion stopped
2026-06-28T00:38:54.9234460Z,54.733,470,"(-0.015,1.125,0.188)",LocomotionStop,,,grip locomotion stopped
2026-06-28T00:38:55.0377900Z,54.847,471,"(-0.021,1.129,0.193)",LocomotionStop,,,grip locomotion stopped
2026-06-28T00:38:55.1512760Z,54.960,472,"(-0.028,1.132,0.198)",LocomotionStop,,,grip locomotion stopped
2026-06-28T00:38:55.2646530Z,55.074,473,"(-0.030,1.132,0.206)",LocomotionStop,,,grip locomotion stopped
2026-06-28T00:38:55.3773450Z,55.187,474,"(-0.029,1.123,0.218)",LocomotionStop,,,grip locomotion stopped
2026-06-28T00:38:55.4922460Z,55.301,475,"(-0.026,1.112,0.230)",LocomotionStop,,,grip locomotion stopped
2026-06-28T00:38:55.6063930Z,55.415,476,"(-0.019,1.099,0.243)",LocomotionStop,,,grip locomotion stopped
2026-06-28T00:38:55.7202490Z,55.529,477,"(-0.009,1.092,0.250)",LocomotionStop,,,grip locomotion stopped
2026-06-28T00:38:55.8331840Z,55.642,478,"(0.000,1.086,0.257)",LocomotionStop,,,grip locomotion stopped
2026-06-28T00:38:55.9477370Z,55.757,479,"(0.006,1.081,0.262)",LocomotionStop,,,grip locomotion stopped
2026-06-28T00:38:56.0616840Z,55.871,480,"(0.014,1.078,0.267)",LocomotionStop,,,grip locomotion stopped
2026-06-28T00:38:56.1780800Z,55.987,481,"(0.020,1.076,0.271)",LocomotionStop,,,grip locomotion stopped
2026-06-28T00:38:56.2921160Z,56.101,482,"(0.024,1.073,0.274)",LocomotionStop,,,grip locomotion stopped
2026-06-28T00:38:56.4069590Z,56.216,483,"(0.024,1.072,0.275)",LocomotionStop,,,grip locomotion stopped
2026-06-28T00:38:56.5204410Z,56.329,484,"(0.024,1.071,0.275)",LocomotionStop,,,grip locomotion stopped
2026-06-28T00:38:56.6363990Z,56.445,485,"(0.023,1.070,0.273)",LocomotionStop,,,grip locomotion stopped
2026-06-28T00:38:56.7495500Z,56.559,486,"(0.022,1.070,0.271)",LocomotionStop,,,grip locomotion stopped
2026-06-28T00:38:56.8656620Z,56.675,487,"(0.021,1.072,0.264)",LocomotionStop,,,grip locomotion stopped
2026-06-28T00:38:56.9807660Z,56.790,488,"(0.020,1.066,0.255)",LocomotionStop,,,grip locomotion stopped
2026-06-28T00:38:57.0963690Z,56.905,489,"(0.021,1.054,0.246)",LocomotionStop,,,grip locomotion stopped
2026-06-28T00:38:57.2085870Z,57.018,490,"(0.020,1.038,0.232)",LocomotionStop,,,grip locomotion stopped
2026-06-28T00:38:57.3245400Z,57.133,491,"(0.018,1.021,0.211)",LocomotionStop,,,grip locomotion stopped
2026-06-28T00:38:57.4398630Z,57.249,492,"(0.012,1.012,0.193)",LocomotionStop,,,grip locomotion stopped
2026-06-28T00:38:57.5547480Z,57.364,493,"(0.001,1.001,0.173)",LocomotionStop,,,grip locomotion stopped
2026-06-28T00:38:57.6685470Z,57.478,494,"(-0.009,0.992,0.153)",LocomotionStop,,,grip locomotion stopped
2026-06-28T00:38:57.7841230Z,57.593,495,"(-0.015,0.982,0.132)",LocomotionStop,,,grip locomotion stopped
2026-06-28T00:38:57.8987680Z,57.708,496,"(-0.015,0.975,0.117)",LocomotionStop,,,grip locomotion stopped
2026-06-28T00:38:58.0138850Z,57.823,497,"(-0.008,0.969,0.103)",LocomotionStop,,,grip locomotion stopped
2026-06-28T00:38:58.1277260Z,57.937,498,"(0.000,0.967,0.092)",LocomotionStop,,,grip locomotion stopped
2026-06-28T00:38:58.2427490Z,58.051,499,"(0.006,0.965,0.085)",LocomotionStop,,,grip locomotion stopped
2026-06-28T00:38:58.3561660Z,58.165,500,"(0.008,0.965,0.081)",LocomotionStop,,,grip locomotion stopped
2026-06-28T00:38:58.4717160Z,58.281,501,"(0.007,0.968,0.078)",LocomotionStop,,,grip locomotion stopped
2026-06-28T00:38:58.5844670Z,58.394,502,"(0.004,0.974,0.080)",LocomotionStop,,,grip locomotion stopped
2026-06-28T00:38:58.7004190Z,58.509,503,"(-0.001,0.978,0.082)",LocomotionStop,,,grip locomotion stopped
2026-06-28T00:38:58.8145080Z,58.624,504,"(-0.003,0.979,0.085)",LocomotionStop,,,grip locomotion stopped
2026-06-28T00:38:58.9289760Z,58.738,505,"(-0.004,0.982,0.086)",LocomotionStop,,,grip locomotion stopped
2026-06-28T00:38:59.0427290Z,58.852,506,"(-0.003,0.984,0.087)",LocomotionStop,,,grip locomotion stopped
2026-06-28T00:38:59.1570010Z,58.966,507,"(-0.001,0.986,0.086)",LocomotionStop,,,grip locomotion stopped
2026-06-28T00:38:59.2720830Z,59.081,508,"(0.000,0.986,0.084)",LocomotionStop,,,grip locomotion stopped
2026-06-28T00:38:59.3868050Z,59.196,509,"(0.000,0.985,0.083)",LocomotionStop,,,grip locomotion stopped
2026-06-28T00:38:59.5002430Z,59.309,510,"(-0.001,0.986,0.083)",LocomotionStop,,,grip locomotion stopped
2026-06-28T00:38:59.6152630Z,59.424,511,"(-0.002,0.986,0.084)",LocomotionStop,,,grip locomotion stopped
2026-06-28T00:38:59.7314200Z,59.540,512,"(-0.002,0.985,0.085)",LocomotionStop,,,grip locomotion stopped
2026-06-28T00:38:59.8459230Z,59.655,513,"(-0.002,0.983,0.085)",LocomotionStop,,,grip locomotion stopped
2026-06-28T00:38:59.9606420Z,59.770,514,"(-0.002,0.979,0.084)",LocomotionStop,,,grip locomotion stopped
2026-06-28T00:39:00.0773750Z,59.886,515,"(-0.003,0.974,0.084)",LocomotionStop,,,grip locomotion stopped
2026-06-28T00:39:00.1912570Z,60.000,516,"(-0.001,0.970,0.083)",LocomotionStop,,,grip locomotion stopped
2026-06-28T00:39:00.3046260Z,60.114,517,"(0.000,0.967,0.080)",LocomotionStop,,,grip locomotion stopped
2026-06-28T00:39:00.4188140Z,60.228,518,"(0.000,0.964,0.073)",LocomotionStop,,,grip locomotion stopped
2026-06-28T00:39:00.5327580Z,60.342,519,"(-0.002,0.960,0.067)",LocomotionStop,,,grip locomotion stopped
2026-06-28T00:39:00.6450340Z,60.454,520,"(-0.006,0.958,0.065)",LocomotionStop,,,grip locomotion stopped
2026-06-28T00:39:00.7600940Z,60.569,521,"(-0.008,0.959,0.066)",LocomotionStop,,,grip locomotion stopped
2026-06-28T00:39:00.8723370Z,60.681,522,"(-0.008,0.960,0.070)",LocomotionStop,,,grip locomotion stopped
2026-06-28T00:39:00.9858090Z,60.795,523,"(-0.008,0.962,0.071)",LocomotionStop,,,grip locomotion stopped
2026-06-28T00:39:01.0988520Z,60.908,524,"(-0.008,0.964,0.070)",LocomotionStop,,,grip locomotion stopped
2026-06-28T00:39:01.2127570Z,61.022,525,"(-0.010,0.966,0.068)",LocomotionStop,,,grip locomotion stopped
2026-06-28T00:39:01.3270470Z,61.136,526,"(-0.011,0.964,0.064)",LocomotionStop,,,grip locomotion stopped
2026-06-28T00:39:01.4428960Z,61.252,527,"(-0.012,0.962,0.062)",LocomotionStop,,,grip locomotion stopped
2026-06-28T00:39:01.5552920Z,61.364,528,"(-0.012,0.962,0.063)",LocomotionStop,,,grip locomotion stopped
2026-06-28T00:39:01.6684620Z,61.477,529,"(-0.012,0.961,0.066)",LocomotionStop,,,grip locomotion stopped
2026-06-28T00:39:01.7813820Z,61.591,530,"(-0.013,0.961,0.069)",LocomotionStop,,,grip locomotion stopped
2026-06-28T00:39:01.8969000Z,61.706,531,"(-0.013,0.960,0.072)",LocomotionStop,,,grip locomotion stopped
2026-06-28T00:39:02.0120390Z,61.821,532,"(-0.012,0.959,0.072)",LocomotionStop,,,grip locomotion stopped
2026-06-28T00:39:02.1261960Z,61.935,533,"(-0.010,0.958,0.072)",LocomotionStop,,,grip locomotion stopped
2026-06-28T00:39:02.2402090Z,62.049,534,"(-0.008,0.958,0.071)",LocomotionStop,,,grip locomotion stopped
2026-06-28T00:39:02.3563110Z,62.165,535,"(-0.007,0.959,0.072)",LocomotionStop,,,grip locomotion stopped
2026-06-28T00:39:02.4708350Z,62.280,536,"(-0.009,0.962,0.074)",LocomotionStop,,,grip locomotion stopped
2026-06-28T00:39:02.5856230Z,62.395,537,"(-0.012,0.965,0.071)",LocomotionStop,,,grip locomotion stopped
2026-06-28T00:39:02.7004990Z,62.509,538,"(-0.014,0.971,0.069)",LocomotionStop,,,grip locomotion stopped
2026-06-28T00:39:02.8173230Z,62.627,539,"(-0.012,0.977,0.069)",LocomotionStop,,,grip locomotion stopped
2026-06-28T00:39:02.9316010Z,62.741,540,"(-0.008,0.983,0.071)",LocomotionStop,,,grip locomotion stopped
2026-06-28T00:39:03.0462770Z,62.855,541,"(-0.006,0.983,0.074)",LocomotionStop,,,grip locomotion stopped
2026-06-28T00:39:03.1636580Z,62.972,542,"(-0.006,0.979,0.074)",LocomotionStop,,,grip locomotion stopped
2026-06-28T00:39:03.2777960Z,63.087,543,"(-0.008,0.977,0.072)",LocomotionStop,,,grip locomotion stopped
2026-06-28T00:39:03.3981370Z,63.207,544,"(-0.009,0.976,0.069)",LocomotionStop,,,grip locomotion stopped
2026-06-28T00:39:03.5161250Z,63.324,545,"(-0.011,0.976,0.069)",LocomotionStop,,,grip locomotion stopped
2026-06-28T00:39:03.6330840Z,63.442,546,"(-0.012,0.975,0.071)",LocomotionStop,,,grip locomotion stopped
2026-06-28T00:39:03.7511690Z,63.560,547,"(-0.012,0.975,0.072)",LocomotionStop,,,grip locomotion stopped
2026-06-28T00:39:03.8667440Z,63.676,548,"(-0.011,0.974,0.073)",LocomotionStop,,,grip locomotion stopped
2026-06-28T00:39:03.9839920Z,63.793,549,"(-0.011,0.974,0.073)",LocomotionStop,,,grip locomotion stopped
2026-06-28T00:39:04.0984320Z,63.908,550,"(-0.011,0.974,0.073)",LocomotionStop,,,grip locomotion stopped
2026-06-28T00:39:04.2101980Z,64.019,551,"(-0.010,0.973,0.072)",LocomotionStop,,,grip locomotion stopped
2026-06-28T00:39:04.3138400Z,64.123,552,"(-0.010,0.973,0.071)",LocomotionStop,,,grip locomotion stopped
2026-06-28T00:39:04.4133510Z,64.223,553,"(-0.010,0.974,0.070)",LocomotionStop,,,grip locomotion stopped
2026-06-28T00:39:04.5134210Z,64.323,554,"(-0.011,0.973,0.070)",LocomotionStop,,,grip locomotion stopped
2026-06-28T00:39:04.6136060Z,64.423,555,"(-0.012,0.973,0.069)",LocomotionStop,,,grip locomotion stopped
2026-06-28T00:39:04.7173320Z,64.527,556,"(-0.013,0.973,0.069)",LocomotionStop,,,grip locomotion stopped
2026-06-28T00:39:04.8172730Z,64.624,557,"(-0.015,0.974,0.068)",LocomotionStop,,,grip locomotion stopped
2026-06-28T00:39:04.9170680Z,64.723,558,"(-0.016,0.974,0.067)",LocomotionStop,,,grip locomotion stopped
2026-06-28T00:39:05.0171150Z,64.824,559,"(-0.017,0.973,0.066)",LocomotionStop,,,grip locomotion stopped
2026-06-28T00:39:05.1172970Z,64.924,560,"(-0.017,0.972,0.066)",LocomotionStop,,,grip locomotion stopped
2026-06-28T00:39:05.2191300Z,65.028,561,"(-0.018,0.971,0.066)",LocomotionStop,,,grip locomotion stopped
2026-06-28T00:39:05.3189920Z,65.124,562,"(-0.018,0.970,0.066)",LocomotionStop,,,grip locomotion stopped
2026-06-28T00:39:05.4191500Z,65.224,563,"(-0.018,0.970,0.066)",LocomotionStop,,,grip locomotion stopped
2026-06-28T00:39:05.5190720Z,65.325,564,"(-0.019,0.970,0.066)",LocomotionStop,,,grip locomotion stopped
2026-06-28T00:39:05.6200960Z,65.429,565,"(-0.018,0.970,0.065)",LocomotionStop,,,grip locomotion stopped
2026-06-28T00:39:05.7197390Z,65.526,566,"(-0.018,0.970,0.065)",LocomotionStop,,,grip locomotion stopped
2026-06-28T00:39:05.8198030Z,65.625,567,"(-0.018,0.970,0.064)",LocomotionStop,,,grip locomotion stopped
2026-06-28T00:39:05.9199980Z,65.725,568,"(-0.017,0.972,0.064)",LocomotionStop,,,grip locomotion stopped
2026-06-28T00:39:06.0215150Z,65.830,569,"(-0.017,0.975,0.063)",LocomotionStop,,,grip locomotion stopped
2026-06-28T00:39:06.1235380Z,65.933,570,"(-0.016,0.977,0.063)",LocomotionStop,,,grip locomotion stopped
2026-06-28T00:39:06.2254900Z,66.035,571,"(-0.015,0.980,0.063)",LocomotionStop,,,grip locomotion stopped
2026-06-28T00:39:06.3277610Z,66.137,572,"(-0.014,0.982,0.063)",LocomotionStop,,,grip locomotion stopped
2026-06-28T00:39:06.4278560Z,66.235,573,"(-0.014,0.981,0.062)",LocomotionStop,,,grip locomotion stopped
2026-06-28T00:39:06.5279990Z,66.334,574,"(-0.013,0.980,0.063)",LocomotionStop,,,grip locomotion stopped
2026-06-28T00:39:06.6277960Z,66.435,575,"(-0.013,0.980,0.063)",LocomotionStop,,,grip locomotion stopped
2026-06-28T00:39:06.7281180Z,66.535,576,"(-0.014,0.980,0.063)",LocomotionStop,,,grip locomotion stopped
2026-06-28T00:39:06.8281420Z,66.637,577,"(-0.014,0.980,0.063)",LocomotionStop,,,grip locomotion stopped
2026-06-28T00:39:06.9282420Z,66.735,578,"(-0.015,0.980,0.063)",LocomotionStop,,,grip locomotion stopped
2026-06-28T00:39:07.0281540Z,66.835,579,"(-0.015,0.979,0.063)",LocomotionStop,,,grip locomotion stopped
2026-06-28T00:39:07.1281840Z,66.936,580,"(-0.014,0.979,0.063)",LocomotionStop,,,grip locomotion stopped
2026-06-28T00:39:07.2309460Z,67.040,581,"(-0.014,0.979,0.063)",LocomotionStop,,,grip locomotion stopped
2026-06-28T00:39:07.3308440Z,67.137,582,"(-0.014,0.979,0.063)",LocomotionStop,,,grip locomotion stopped
2026-06-28T00:39:07.4309990Z,67.236,583,"(-0.014,0.979,0.063)",LocomotionStop,,,grip locomotion stopped
2026-06-28T00:39:07.5309190Z,67.336,584,"(-0.014,0.980,0.063)",LocomotionStop,,,grip locomotion stopped
2026-06-28T00:39:07.6309320Z,67.436,585,"(-0.013,0.980,0.063)",LocomotionStop,,,grip locomotion stopped
2026-06-28T00:39:07.7327390Z,67.542,586,"(0.000,0.984,0.000)",LocomotionStop,,,grip locomotion stopped
2026-06-28T00:39:07.8318810Z,67.637,587,"(0.000,0.984,0.000)",LocomotionStop,,,grip locomotion stopped
2026-06-28T00:39:07.9322680Z,67.737,588,"(0.000,0.984,0.000)",LocomotionStop,,,grip locomotion stopped
2026-06-28T00:39:08.0322800Z,67.837,589,"(0.000,0.985,0.000)",LocomotionStop,,,grip locomotion stopped
2026-06-28T00:39:08.1320270Z,67.937,590,"(0.000,0.984,0.000)",LocomotionStop,,,grip locomotion stopped
2026-06-28T00:39:08.2319280Z,68.040,591,"(0.000,0.984,0.001)",LocomotionStop,,,grip locomotion stopped
2026-06-28T00:39:08.3320460Z,68.138,592,"(0.000,0.984,0.001)",LocomotionStop,,,grip locomotion stopped
2026-06-28T00:39:08.4322400Z,68.238,593,"(-0.001,0.984,0.001)",LocomotionStop,,,grip locomotion stopped
2026-06-28T00:39:08.5322770Z,68.338,594,"(-0.001,0.984,0.001)",LocomotionStop,,,grip locomotion stopped
2026-06-28T00:39:08.6337120Z,68.443,595,"(-0.001,0.984,0.000)",LocomotionStop,,,grip locomotion stopped
2026-06-28T00:39:08.7330130Z,68.540,596,"(-0.001,0.984,0.000)",LocomotionStop,,,grip locomotion stopped
2026-06-28T00:39:08.8332320Z,68.639,597,"(-0.001,0.984,0.001)",LocomotionStop,,,grip locomotion stopped
2026-06-28T00:39:08.9332920Z,68.739,598,"(-0.001,0.983,0.001)",LocomotionStop,,,grip locomotion stopped
2026-06-28T00:39:09.0333570Z,68.840,599,"(-0.002,0.983,0.001)",LocomotionStop,,,grip locomotion stopped
2026-06-28T00:39:09.1346700Z,68.943,600,"(-0.002,0.983,0.001)",LocomotionStop,,,grip locomotion stopped
2026-06-28T00:39:09.2342470Z,69.043,601,"(-0.002,0.983,0.001)",LocomotionStop,,,grip locomotion stopped
2026-06-28T00:39:09.3363640Z,69.146,602,"(-0.002,0.983,0.001)",LocomotionStop,,,grip locomotion stopped
2026-06-28T00:39:09.4403130Z,69.249,603,"(-0.002,0.983,0.001)",LocomotionStop,,,grip locomotion stopped
2026-06-28T00:39:09.5418740Z,69.351,604,"(-0.002,0.983,0.001)",LocomotionStop,,,grip locomotion stopped
2026-06-28T00:39:09.6442300Z,69.453,605,"(-0.002,0.984,0.001)",LocomotionStop,,,grip locomotion stopped
2026-06-28T00:39:09.7481310Z,69.557,606,"(-0.002,0.983,0.001)",LocomotionStop,,,grip locomotion stopped
2026-06-28T00:39:09.8521110Z,69.661,607,"(-0.002,0.983,0.001)",LocomotionStop,,,grip locomotion stopped
2026-06-28T00:39:09.9550990Z,69.764,608,"(-0.002,0.983,0.001)",LocomotionStop,,,grip locomotion stopped
2026-06-28T00:39:10.0576580Z,69.867,609,"(-0.002,0.983,0.001)",LocomotionStop,,,grip locomotion stopped
2026-06-28T00:39:10.1634380Z,69.973,610,"(-0.002,0.983,0.001)",LocomotionStop,,,grip locomotion stopped
2026-06-28T00:39:10.2679010Z,70.077,611,"(-0.002,0.983,0.001)",LocomotionStop,,,grip locomotion stopped
2026-06-28T00:39:10.3731520Z,70.182,612,"(-0.002,0.983,0.001)",LocomotionStop,,,grip locomotion stopped
2026-06-28T00:39:10.5249030Z,70.334,613,"(-0.002,0.983,0.001)",LocomotionStop,,,grip locomotion stopped
2026-06-28T00:39:10.6396270Z,70.449,614,"(-0.002,0.983,0.001)",LocomotionStop,,,grip locomotion stopped
2026-06-28T00:39:10.7506740Z,70.560,615,"(-0.002,0.983,0.001)",LocomotionStop,,,grip locomotion stopped
2026-06-28T00:39:10.8610840Z,70.670,616,"(-0.002,0.983,0.001)",LocomotionStop,,,grip locomotion stopped
2026-06-28T00:39:10.9689960Z,70.778,617,"(-0.001,0.983,0.001)",LocomotionStop,,,grip locomotion stopped
2026-06-28T00:39:11.0689000Z,70.877,618,"(-0.001,0.983,0.001)",LocomotionStop,,,grip locomotion stopped
2026-06-28T00:39:11.1684460Z,70.977,619,"(-0.001,0.983,0.001)",LocomotionStop,,,grip locomotion stopped
2026-06-28T00:39:11.2725150Z,71.082,620,"(-0.001,0.983,0.001)",LocomotionStop,,,grip locomotion stopped
2026-06-28T00:39:11.3719380Z,71.179,621,"(-0.001,0.983,0.001)",LocomotionStop,,,grip locomotion stopped
2026-06-28T00:39:11.4723230Z,71.278,622,"(-0.001,0.983,0.001)",LocomotionStop,,,grip locomotion stopped
2026-06-28T00:39:11.5722670Z,71.379,623,"(0.000,0.983,0.001)",LocomotionStop,,,grip locomotion stopped
2026-06-28T00:39:11.6723800Z,71.479,624,"(0.000,0.983,0.001)",LocomotionStop,,,grip locomotion stopped
2026-06-28T00:39:11.7720950Z,71.582,625,"(0.000,0.983,0.001)",LocomotionStop,,,grip locomotion stopped
2026-06-28T00:39:11.8722490Z,71.679,626,"(0.000,0.983,0.001)",LocomotionStop,,,grip locomotion stopped
2026-06-28T00:39:11.9722530Z,71.779,627,"(0.000,0.983,0.001)",LocomotionStop,,,grip locomotion stopped
2026-06-28T00:39:12.0723720Z,71.879,628,"(0.000,0.983,0.001)",LocomotionStop,,,grip locomotion stopped
2026-06-28T00:39:12.1723900Z,71.979,629,"(0.000,0.983,0.001)",LocomotionStop,,,grip locomotion stopped
2026-06-28T00:39:12.2732760Z,72.082,630,"(0.000,0.983,0.002)",LocomotionStop,,,grip locomotion stopped
2026-06-28T00:39:12.3724580Z,72.180,631,"(-0.001,0.983,0.002)",LocomotionStop,,,grip locomotion stopped
2026-06-28T00:39:12.4726550Z,72.280,632,"(-0.001,0.983,0.002)",LocomotionStop,,,grip locomotion stopped
2026-06-28T00:39:12.5725740Z,72.380,633,"(-0.001,0.983,0.001)",LocomotionStop,,,grip locomotion stopped
2026-06-28T00:39:12.6756420Z,72.485,634,"(-0.001,0.983,0.001)",LocomotionStop,,,grip locomotion stopped
2026-06-28T00:39:12.7756010Z,72.583,635,"(-0.001,0.983,0.002)",LocomotionStop,,,grip locomotion stopped
2026-06-28T00:39:12.8753670Z,72.681,636,"(-0.001,0.982,0.002)",LocomotionStop,,,grip locomotion stopped
2026-06-28T00:39:12.9753480Z,72.781,637,"(-0.001,0.982,0.002)",LocomotionStop,,,grip locomotion stopped
2026-06-28T00:39:13.0756990Z,72.881,638,"(-0.001,0.982,0.002)",LocomotionStop,,,grip locomotion stopped
2026-06-28T00:39:13.1754400Z,72.984,639,"(-0.001,0.982,0.002)",LocomotionStop,,,grip locomotion stopped
2026-06-28T00:39:13.2757600Z,73.082,640,"(-0.001,0.982,0.002)",LocomotionStop,,,grip locomotion stopped
2026-06-28T00:39:13.3753670Z,73.182,641,"(-0.002,0.982,0.002)",LocomotionStop,,,grip locomotion stopped
2026-06-28T00:39:13.4758190Z,73.282,642,"(-0.002,0.982,0.002)",LocomotionStop,,,grip locomotion stopped
2026-06-28T00:39:13.5754880Z,73.382,643,"(-0.002,0.982,0.002)",LocomotionStop,,,grip locomotion stopped
2026-06-28T00:39:13.6756510Z,73.485,644,"(-0.002,0.982,0.002)",LocomotionStop,,,grip locomotion stopped
2026-06-28T00:39:13.7755040Z,73.583,645,"(-0.002,0.982,0.002)",LocomotionStop,,,grip locomotion stopped
2026-06-28T00:39:13.8757210Z,73.683,646,"(-0.002,0.982,0.002)",LocomotionStop,,,grip locomotion stopped
2026-06-28T00:39:13.9751880Z,73.783,647,"(-0.002,0.982,0.002)",LocomotionStop,,,grip locomotion stopped
2026-06-28T00:39:14.0756810Z,73.883,648,"(-0.002,0.982,0.002)",LocomotionStop,,,grip locomotion stopped
2026-06-28T00:39:14.1755410Z,73.984,649,"(-0.002,0.982,0.002)",LocomotionStop,,,grip locomotion stopped
2026-06-28T00:39:14.2756360Z,74.084,650,"(-0.002,0.982,0.002)",LocomotionStop,,,grip locomotion stopped
2026-06-28T00:39:14.3755210Z,74.184,651,"(-0.002,0.981,0.002)",LocomotionStop,,,grip locomotion stopped
2026-06-28T00:39:14.4753930Z,74.284,652,"(-0.002,0.981,0.002)",LocomotionStop,,,grip locomotion stopped
2026-06-28T00:39:14.5778090Z,74.387,653,"(-0.002,0.981,0.002)",LocomotionStop,,,grip locomotion stopped
2026-06-28T00:39:14.6778420Z,74.485,654,"(-0.002,0.981,0.002)",LocomotionStop,,,grip locomotion stopped
2026-06-28T00:39:14.7777270Z,74.585,655,"(-0.002,0.981,0.002)",LocomotionStop,,,grip locomotion stopped
2026-06-28T00:39:14.8777980Z,74.685,656,"(-0.002,0.981,0.002)",LocomotionStop,,,grip locomotion stopped
2026-06-28T00:39:14.9778380Z,74.785,657,"(-0.002,0.981,0.002)",LocomotionStop,,,grip locomotion stopped
2026-06-28T00:39:15.0798870Z,74.889,658,"(-0.002,0.981,0.002)",LocomotionStop,,,grip locomotion stopped
2026-06-28T00:39:15.1798060Z,74.985,659,"(-0.002,0.981,0.002)",LocomotionStop,,,grip locomotion stopped
2026-06-28T00:39:15.2798820Z,75.086,660,"(-0.002,0.981,0.002)",LocomotionStop,,,grip locomotion stopped
2026-06-28T00:39:15.3801260Z,75.186,661,"(-0.002,0.981,0.001)",LocomotionStop,,,grip locomotion stopped
2026-06-28T00:39:15.4810970Z,75.290,662,"(-0.002,0.981,0.001)",LocomotionStop,,,grip locomotion stopped
2026-06-28T00:39:15.5807250Z,75.388,663,"(-0.001,0.981,0.001)",LocomotionStop,,,grip locomotion stopped
2026-06-28T00:39:15.6808500Z,75.486,664,"(-0.001,0.981,0.002)",LocomotionStop,,,grip locomotion stopped
2026-06-28T00:39:15.7807840Z,75.587,665,"(-0.001,0.981,0.002)",LocomotionStop,,,grip locomotion stopped
2026-06-28T00:39:15.8807410Z,75.687,666,"(-0.001,0.980,0.002)",LocomotionStop,,,grip locomotion stopped
2026-06-28T00:39:15.9807830Z,75.790,667,"(-0.001,0.980,0.002)",LocomotionStop,,,grip locomotion stopped
2026-06-28T00:39:16.0805970Z,75.887,668,"(-0.001,0.980,0.002)",LocomotionStop,,,grip locomotion stopped
2026-06-28T00:39:16.1806370Z,75.987,669,"(-0.001,0.980,0.002)",LocomotionStop,,,grip locomotion stopped
2026-06-28T00:39:16.2808560Z,76.088,670,"(-0.001,0.980,0.002)",LocomotionStop,,,grip locomotion stopped
2026-06-28T00:39:16.3829930Z,76.192,671,"(-0.002,0.979,0.003)",LocomotionStop,,,grip locomotion stopped
2026-06-28T00:39:16.4825610Z,76.290,672,"(0.000,0.979,0.004)",LocomotionStop,,,grip locomotion stopped
2026-06-28T00:39:16.5826090Z,76.388,673,"(0.004,0.977,0.007)",LocomotionStop,,,grip locomotion stopped
2026-06-28T00:39:16.6830620Z,76.488,674,"(0.008,0.975,0.010)",LocomotionStop,,,grip locomotion stopped
2026-06-28T00:39:16.7832660Z,76.589,675,"(0.016,0.972,0.013)",LocomotionStop,,,grip locomotion stopped
2026-06-28T00:39:16.8836760Z,76.693,676,"(0.022,0.969,0.016)",LocomotionStop,,,grip locomotion stopped
2026-06-28T00:39:16.9833340Z,76.790,677,"(0.022,0.968,0.019)",LocomotionStop,,,grip locomotion stopped
2026-06-28T00:39:17.0833280Z,76.889,678,"(0.015,0.970,0.018)",LocomotionStop,,,grip locomotion stopped
2026-06-28T00:39:17.1834090Z,76.989,679,"(0.004,0.972,0.015)",LocomotionStop,,,grip locomotion stopped
2026-06-28T00:39:17.2833980Z,77.089,680,"(-0.003,0.973,0.011)",LocomotionStop,,,grip locomotion stopped
2026-06-28T00:39:17.3834740Z,77.192,681,"(-0.009,0.977,0.006)",LocomotionStop,,,grip locomotion stopped
2026-06-28T00:39:17.4835300Z,77.290,682,"(-0.013,0.982,0.000)",LocomotionStop,,,grip locomotion stopped
2026-06-28T00:39:17.5832830Z,77.390,683,"(-0.015,0.985,-0.004)",LocomotionStop,,,grip locomotion stopped
2026-06-28T00:39:17.6833000Z,77.490,684,"(-0.016,0.986,-0.005)",LocomotionStop,,,grip locomotion stopped
2026-06-28T00:39:17.7834910Z,77.591,685,"(-0.017,0.986,-0.003)",LocomotionStop,,,grip locomotion stopped
2026-06-28T00:39:17.8834750Z,77.692,686,"(-0.016,0.988,-0.002)",LocomotionStop,,,grip locomotion stopped
2026-06-28T00:39:17.9833450Z,77.791,687,"(-0.016,0.988,0.000)",LocomotionStop,,,grip locomotion stopped
2026-06-28T00:39:18.0833220Z,77.891,688,"(-0.018,0.986,0.003)",LocomotionStop,,,grip locomotion stopped
2026-06-28T00:39:18.1833860Z,77.991,689,"(-0.020,0.982,0.004)",LocomotionStop,,,grip locomotion stopped
2026-06-28T00:39:18.2834430Z,78.092,690,"(-0.020,0.979,0.005)",LocomotionStop,,,grip locomotion stopped
2026-06-28T00:39:18.3842180Z,78.193,691,"(-0.020,0.973,0.006)",LocomotionStop,,,grip locomotion stopped
2026-06-28T00:39:18.4839840Z,78.292,692,"(-0.026,0.964,0.008)",LocomotionStop,,,grip locomotion stopped
2026-06-28T00:39:18.5840360Z,78.392,693,"(-0.035,0.951,0.009)",LocomotionStop,,,grip locomotion stopped
2026-06-28T00:39:18.6837800Z,78.492,694,"(-0.045,0.943,0.015)",LocomotionStop,,,grip locomotion stopped
2026-06-28T00:39:18.7868890Z,78.596,695,"(-0.053,0.941,0.022)",LocomotionStop,,,grip locomotion stopped
2026-06-28T00:39:18.8864930Z,78.693,696,"(-0.060,0.940,0.035)",LocomotionStop,,,grip locomotion stopped
2026-06-28T00:39:18.9864530Z,78.793,697,"(-0.070,0.923,0.065)",LocomotionStop,,,grip locomotion stopped
2026-06-28T00:39:19.0870250Z,78.893,698,"(-0.076,0.878,0.108)",LocomotionStop,,,grip locomotion stopped
2026-06-28T00:39:19.1950690Z,79.004,699,"(-0.068,0.852,0.171)",LocomotionStop,,,grip locomotion stopped
2026-06-28T00:39:19.2949440Z,79.095,700,"(-0.075,0.811,0.241)",LocomotionStop,,,grip locomotion stopped
2026-06-28T00:39:19.4123310Z,79.195,701,"(-0.094,0.760,0.286)",LocomotionStop,,,grip locomotion stopped
2026-06-28T00:39:19.4962010Z,79.294,702,"(-0.115,0.698,0.306)",LocomotionStop,,,grip locomotion stopped
2026-06-28T00:39:19.5960680Z,79.399,703,"(-0.124,0.650,0.311)",LocomotionStop,,,grip locomotion stopped
2026-06-28T00:39:19.6963620Z,79.496,704,"(-0.113,0.628,0.323)",LocomotionStop,,,grip locomotion stopped
2026-06-28T00:39:19.7959610Z,79.594,705,"(-0.095,0.622,0.328)",LocomotionStop,,,grip locomotion stopped
2026-06-28T00:39:19.8960570Z,79.694,706,"(-0.079,0.618,0.323)",LocomotionStop,,,grip locomotion stopped
2026-06-28T00:39:19.9957570Z,79.795,707,"(-0.069,0.618,0.317)",LocomotionStop,,,grip locomotion stopped
2026-06-28T00:39:20.0957430Z,79.899,708,"(-0.068,0.616,0.319)",LocomotionStop,,,grip locomotion stopped
2026-06-28T00:39:20.1958940Z,79.996,709,"(-0.079,0.603,0.325)",LocomotionStop,,,grip locomotion stopped
2026-06-28T00:39:20.2958200Z,80.096,710,"(-0.078,0.604,0.324)",LocomotionStop,,,grip locomotion stopped
2026-06-28T00:39:20.3961680Z,80.195,711,"(-0.080,0.603,0.321)",LocomotionStop,,,grip locomotion stopped
2026-06-28T00:39:20.4958560Z,80.296,712,"(-0.080,0.604,0.322)",LocomotionStop,,,grip locomotion stopped
2026-06-28T00:39:20.5955700Z,80.399,713,"(-0.080,0.604,0.323)",LocomotionStop,,,grip locomotion stopped
2026-06-28T00:39:20.6959080Z,80.497,714,"(-0.079,0.604,0.324)",LocomotionStop,,,grip locomotion stopped
2026-06-28T00:39:20.7957470Z,80.596,715,"(-0.079,0.604,0.325)",LocomotionStop,,,grip locomotion stopped
2026-06-28T00:39:20.8956140Z,80.696,716,"(-0.078,0.603,0.322)",LocomotionStop,,,grip locomotion stopped
2026-06-28T00:39:20.9955880Z,80.796,717,"(-0.078,0.603,0.319)",LocomotionStop,,,grip locomotion stopped
2026-06-28T00:39:21.0955540Z,80.900,718,"(-0.078,0.604,0.316)",LocomotionStop,,,grip locomotion stopped
2026-06-28T00:39:21.1956520Z,80.997,719,"(-0.077,0.604,0.316)",LocomotionStop,,,grip locomotion stopped
2026-06-28T00:39:21.2956720Z,81.097,720,"(-0.079,0.612,0.318)",LocomotionStop,,,grip locomotion stopped
2026-06-28T00:39:21.3955790Z,81.197,721,"(-0.097,0.632,0.321)",LocomotionStop,,,grip locomotion stopped
2026-06-28T00:39:21.4956370Z,81.297,722,"(-0.097,0.705,0.317)",LocomotionStop,,,grip locomotion stopped
2026-06-28T00:39:21.5956130Z,81.400,723,"(-0.073,0.783,0.292)",LocomotionStop,,,grip locomotion stopped
2026-06-28T00:39:21.6957210Z,81.498,724,"(-0.053,0.856,0.233)",LocomotionStop,,,grip locomotion stopped
2026-06-28T00:39:21.7959460Z,81.598,725,"(-0.032,0.894,0.143)",LocomotionStop,,,grip locomotion stopped
2026-06-28T00:39:21.8956550Z,81.698,726,"(-0.016,0.909,0.067)",LocomotionStop,,,grip locomotion stopped
2026-06-28T00:39:21.9957070Z,81.798,727,"(-0.022,0.892,0.077)",LocomotionStop,,,grip locomotion stopped
2026-06-28T00:39:22.0957080Z,81.900,728,"(-0.023,0.895,0.066)",LocomotionStop,,,grip locomotion stopped
2026-06-28T00:39:22.1958270Z,81.999,729,"(-0.022,0.897,0.048)",LocomotionStop,,,grip locomotion stopped
2026-06-28T00:39:22.2957340Z,82.099,730,"(-0.024,0.900,0.050)",LocomotionStop,,,grip locomotion stopped
2026-06-28T00:39:22.3955300Z,82.199,731,"(-0.032,0.899,0.052)",LocomotionStop,,,grip locomotion stopped
2026-06-28T00:39:22.4959730Z,82.299,732,"(-0.035,0.903,0.057)",LocomotionStop,,,grip locomotion stopped
2026-06-28T00:39:22.5955550Z,82.403,733,"(-0.001,0.898,0.003)",LocomotionStop,,,grip locomotion stopped
2026-06-28T00:39:22.7026900Z,82.505,734,"(0.001,0.903,0.009)",LocomotionStop,,,grip locomotion stopped
2026-06-28T00:39:22.7962180Z,82.601,735,"(0.006,0.915,0.013)",LocomotionStop,,,grip locomotion stopped
2026-06-28T00:39:22.8955500Z,82.700,736,"(0.008,0.922,0.013)",LocomotionStop,,,grip locomotion stopped
2026-06-28T00:39:22.9961390Z,82.804,737,"(0.013,0.931,0.011)",LocomotionStop,,,grip locomotion stopped
2026-06-28T00:39:23.0974270Z,82.901,738,"(0.014,0.935,0.004)",LocomotionStop,,,grip locomotion stopped
2026-06-28T00:39:23.1961010Z,83.001,739,"(0.002,1.237,-0.003)",LocomotionStop,,,grip locomotion stopped
2026-06-28T00:39:23.2962060Z,83.100,740,"(0.004,1.246,-0.011)",LocomotionStop,,,grip locomotion stopped
2026-06-28T00:39:23.3960270Z,83.201,741,"(0.006,1.249,-0.019)",LocomotionStop,,,grip locomotion stopped
2026-06-28T00:39:23.4957560Z,83.303,742,"(0.007,1.252,-0.027)",LocomotionStop,,,grip locomotion stopped
2026-06-28T00:39:23.5958990Z,83.401,743,"(0.009,1.258,-0.033)",LocomotionStop,,,grip locomotion stopped
2026-06-28T00:39:23.6959820Z,83.502,744,"(0.013,1.268,-0.041)",LocomotionStop,,,grip locomotion stopped
2026-06-28T00:39:23.7963590Z,83.602,745,"(0.014,1.277,-0.047)",LocomotionStop,,,grip locomotion stopped
2026-06-28T00:39:23.8962620Z,83.705,746,"(0.013,1.278,-0.052)",LocomotionStop,,,grip locomotion stopped
2026-06-28T00:39:23.9961410Z,83.803,747,"(0.014,1.273,-0.060)",LocomotionStop,,,grip locomotion stopped
2026-06-28T00:39:24.0960810Z,83.902,748,"(0.018,1.270,-0.066)",LocomotionStop,,,grip locomotion stopped
2026-06-28T00:39:24.1962090Z,84.003,749,"(0.020,1.271,-0.075)",LocomotionStop,,,grip locomotion stopped
2026-06-28T00:39:24.2997060Z,84.109,750,"(0.017,1.274,-0.079)",LocomotionStop,,,grip locomotion stopped
2026-06-28T00:39:24.3996720Z,84.206,751,"(0.012,1.275,-0.078)",LocomotionStop,,,grip locomotion stopped
2026-06-28T00:39:24.4993960Z,84.303,752,"(0.005,1.276,-0.074)",LocomotionStop,,,grip locomotion stopped
2026-06-28T00:39:24.6001290Z,84.403,753,"(-0.001,1.286,-0.068)",LocomotionStop,,,grip locomotion stopped
2026-06-28T00:39:24.6997730Z,84.505,754,"(-0.006,1.055,0.004)",LocomotionStop,,,grip locomotion stopped
2026-06-28T00:39:24.8002190Z,84.609,755,"(-0.010,1.060,0.006)",LocomotionStop,,,grip locomotion stopped
2026-06-28T00:39:24.8997040Z,84.706,756,"(-0.009,1.059,0.007)",LocomotionStop,,,grip locomotion stopped
2026-06-28T00:39:24.9997200Z,84.805,757,"(-0.005,1.058,0.007)",LocomotionStop,,,grip locomotion stopped
2026-06-28T00:39:25.0993800Z,84.904,758,"(0.000,1.061,0.006)",LocomotionStop,,,grip locomotion stopped
2026-06-28T00:39:25.1999450Z,85.004,759,"(0.003,1.062,0.007)",LocomotionStop,,,grip locomotion stopped
2026-06-28T00:39:25.2994100Z,85.108,760,"(0.007,1.062,0.009)",LocomotionStop,,,grip locomotion stopped
2026-06-28T00:39:25.3994340Z,85.205,761,"(0.008,1.060,0.009)",LocomotionStop,,,grip locomotion stopped
2026-06-28T00:39:25.4995170Z,85.305,762,"(0.010,1.059,0.006)",LocomotionStop,,,grip locomotion stopped
2026-06-28T00:39:25.6002410Z,85.405,763,"(0.010,1.058,0.004)",LocomotionStop,,,grip locomotion stopped
2026-06-28T00:39:25.7005920Z,85.510,764,"(0.009,1.056,0.004)",LocomotionStop,,,grip locomotion stopped
2026-06-28T00:39:25.8007490Z,85.608,765,"(0.006,1.056,0.004)",LocomotionStop,,,grip locomotion stopped
2026-06-28T00:39:25.9007030Z,85.706,766,"(0.004,1.055,0.005)",LocomotionStop,,,grip locomotion stopped
2026-06-28T00:39:26.0096620Z,85.819,767,"(0.004,1.054,0.007)",LocomotionStop,,,grip locomotion stopped
2026-06-28T00:39:26.1373710Z,85.946,768,"(0.004,1.052,0.008)",LocomotionStop,,,grip locomotion stopped
2026-06-28T00:39:26.2659020Z,86.075,769,"(0.004,1.050,0.010)",LocomotionStop,,,grip locomotion stopped
2026-06-28T00:39:26.3970380Z,86.206,770,"(0.004,1.049,0.010)",LocomotionStop,,,grip locomotion stopped
2026-06-28T00:39:26.5272250Z,86.336,771,"(0.004,1.050,0.009)",LocomotionStop,,,grip locomotion stopped
2026-06-28T00:39:26.6559150Z,86.465,772,"(0.003,1.051,0.008)",LocomotionStop,,,grip locomotion stopped
2026-06-28T00:39:26.7860580Z,86.595,773,"(0.002,1.051,0.008)",LocomotionStop,,,grip locomotion stopped
2026-06-28T00:39:26.9135910Z,86.723,774,"(0.002,1.051,0.008)",LocomotionStop,,,grip locomotion stopped
2026-06-28T00:39:27.0425890Z,86.851,775,"(0.002,1.051,0.008)",LocomotionStop,,,grip locomotion stopped
2026-06-28T00:39:27.1718270Z,86.981,776,"(0.002,1.051,0.009)",LocomotionStop,,,grip locomotion stopped
2026-06-28T00:39:27.3004750Z,87.109,777,"(0.002,1.050,0.009)",LocomotionStop,,,grip locomotion stopped
2026-06-28T00:39:27.4278960Z,87.237,778,"(0.002,1.050,0.010)",LocomotionStop,,,grip locomotion stopped
2026-06-28T00:39:27.5574270Z,87.366,779,"(0.002,1.050,0.010)",LocomotionStop,,,grip locomotion stopped
2026-06-28T00:39:27.6857010Z,87.495,780,"(0.001,1.049,0.009)",LocomotionStop,,,grip locomotion stopped
2026-06-28T00:39:27.8160620Z,87.625,781,"(0.001,1.049,0.009)",LocomotionStop,,,grip locomotion stopped
2026-06-28T00:39:27.9442410Z,87.753,782,"(0.001,1.049,0.010)",LocomotionStop,,,grip locomotion stopped
2026-06-28T00:39:28.0711020Z,87.880,783,"(0.001,1.049,0.010)",LocomotionStop,,,grip locomotion stopped
2026-06-28T00:39:28.2020920Z,88.011,784,"(0.000,1.048,0.010)",LocomotionStop,,,grip locomotion stopped
2026-06-28T00:39:28.3299930Z,88.139,785,"(0.001,1.048,0.010)",LocomotionStop,,,grip locomotion stopped
2026-06-28T00:39:28.4581240Z,88.267,786,"(0.001,1.049,0.009)",LocomotionStop,,,grip locomotion stopped
2026-06-28T00:39:28.5864480Z,88.395,787,"(0.001,1.049,0.010)",LocomotionStop,,,grip locomotion stopped
2026-06-28T00:39:28.7182200Z,88.527,788,"(0.001,1.049,0.009)",LocomotionStop,,,grip locomotion stopped
2026-06-28T00:39:28.8391900Z,88.648,789,"(0.001,1.048,0.010)",LocomotionStop,,,grip locomotion stopped
2026-06-28T00:39:28.9535230Z,88.763,790,"(0.001,1.048,0.009)",LocomotionStop,,,grip locomotion stopped
2026-06-28T00:39:29.0679390Z,88.877,791,"(0.001,1.048,0.010)",LocomotionStop,,,grip locomotion stopped
2026-06-28T00:39:29.1814630Z,88.990,792,"(0.002,1.048,0.010)",LocomotionStop,,,grip locomotion stopped
2026-06-28T00:39:29.2949960Z,89.104,793,"(0.002,1.048,0.010)",LocomotionStop,,,grip locomotion stopped
2026-06-28T00:39:29.4098380Z,89.219,794,"(0.002,1.048,0.010)",LocomotionStop,,,grip locomotion stopped
2026-06-28T00:39:29.5242570Z,89.333,795,"(0.002,1.048,0.010)",LocomotionStop,,,grip locomotion stopped
2026-06-28T00:39:29.6392290Z,89.448,796,"(0.002,1.048,0.010)",LocomotionStop,,,grip locomotion stopped
2026-06-28T00:39:29.7525590Z,89.561,797,"(0.002,1.048,0.010)",LocomotionStop,,,grip locomotion stopped
2026-06-28T00:39:29.8685160Z,89.677,798,"(0.002,1.048,0.010)",LocomotionStop,,,grip locomotion stopped
2026-06-28T00:39:29.9813400Z,89.791,799,"(0.001,1.048,0.010)",LocomotionStop,,,grip locomotion stopped
2026-06-28T00:39:30.0951620Z,89.904,800,"(0.001,1.048,0.010)",LocomotionStop,,,grip locomotion stopped
2026-06-28T00:39:30.2096420Z,90.019,801,"(0.002,1.048,0.010)",LocomotionStop,,,grip locomotion stopped
2026-06-28T00:39:30.3240430Z,90.133,802,"(0.002,1.048,0.010)",LocomotionStop,,,grip locomotion stopped
2026-06-28T00:39:30.4396930Z,90.248,803,"(0.002,1.048,0.010)",LocomotionStop,,,grip locomotion stopped
2026-06-28T00:39:30.5538850Z,90.363,804,"(0.002,1.047,0.011)",LocomotionStop,,,grip locomotion stopped
2026-06-28T00:39:30.6693710Z,90.478,805,"(0.002,1.047,0.011)",LocomotionStop,,,grip locomotion stopped
2026-06-28T00:39:30.7843120Z,90.593,806,"(0.002,1.047,0.010)",LocomotionStop,,,grip locomotion stopped
2026-06-28T00:39:30.8974010Z,90.707,807,"(0.001,1.047,0.010)",LocomotionStop,,,grip locomotion stopped
2026-06-28T00:39:31.0104170Z,90.819,808,"(0.001,1.047,0.010)",LocomotionStop,,,grip locomotion stopped
2026-06-28T00:39:31.1238410Z,90.933,809,"(0.001,1.047,0.010)",LocomotionStop,,,grip locomotion stopped
2026-06-28T00:39:31.2374070Z,91.047,810,"(0.001,1.047,0.010)",LocomotionStop,,,grip locomotion stopped
2026-06-28T00:39:31.3506260Z,91.160,811,"(0.002,1.047,0.010)",LocomotionStop,,,grip locomotion stopped
2026-06-28T00:39:31.4675070Z,91.277,812,"(0.002,1.047,0.011)",LocomotionStop,,,grip locomotion stopped
2026-06-28T00:39:31.5800440Z,91.389,813,"(0.002,1.047,0.011)",LocomotionStop,,,grip locomotion stopped
2026-06-28T00:39:31.6956860Z,91.504,814,"(0.002,1.047,0.010)",LocomotionStop,,,grip locomotion stopped
2026-06-28T00:39:31.8077660Z,91.617,815,"(0.002,1.047,0.010)",LocomotionStop,,,grip locomotion stopped
2026-06-28T00:39:31.9237490Z,91.732,816,"(0.002,1.047,0.010)",LocomotionStop,,,grip locomotion stopped
2026-06-28T00:39:32.0363580Z,91.846,817,"(0.002,1.047,0.010)",LocomotionStop,,,grip locomotion stopped
2026-06-28T00:39:32.1500850Z,91.959,818,"(0.002,1.047,0.010)",LocomotionStop,,,grip locomotion stopped
2026-06-28T00:39:32.2652950Z,92.074,819,"(0.003,1.047,0.010)",LocomotionStop,,,grip locomotion stopped
2026-06-28T00:39:32.3789100Z,92.188,820,"(0.003,1.047,0.010)",LocomotionStop,,,grip locomotion stopped
2026-06-28T00:39:32.4949110Z,92.304,821,"(0.003,1.047,0.010)",LocomotionStop,,,grip locomotion stopped
2026-06-28T00:39:32.6090680Z,92.418,822,"(0.003,1.047,0.010)",LocomotionStop,,,grip locomotion stopped
2026-06-28T00:39:32.7225130Z,92.532,823,"(0.003,1.047,0.010)",LocomotionStop,,,grip locomotion stopped
2026-06-28T00:39:32.8266690Z,92.636,824,"(0.003,1.047,0.010)",LocomotionStop,,,grip locomotion stopped
2026-06-28T00:39:32.9515200Z,92.760,825,"(0.003,1.047,0.010)",LocomotionStop,,,grip locomotion stopped
2026-06-28T00:39:33.0652230Z,92.875,826,"(0.003,1.047,0.010)",LocomotionStop,,,grip locomotion stopped
2026-06-28T00:39:33.1780970Z,92.987,827,"(0.003,1.047,0.010)",LocomotionStop,,,grip locomotion stopped
2026-06-28T00:39:33.2923210Z,93.101,828,"(0.003,1.047,0.010)",LocomotionStop,,,grip locomotion stopped
2026-06-28T00:39:33.4063850Z,93.215,829,"(0.003,1.047,0.010)",LocomotionStop,,,grip locomotion stopped
2026-06-28T00:39:33.5195490Z,93.329,830,"(0.003,1.048,0.010)",LocomotionStop,,,grip locomotion stopped
2026-06-28T00:39:33.6348150Z,93.444,831,"(0.003,1.048,0.010)",LocomotionStop,,,grip locomotion stopped
2026-06-28T00:39:33.7466280Z,93.556,832,"(0.003,1.048,0.010)",LocomotionStop,,,grip locomotion stopped
2026-06-28T00:39:33.8600210Z,93.669,833,"(0.003,1.048,0.010)",LocomotionStop,,,grip locomotion stopped
2026-06-28T00:39:33.9740330Z,93.783,834,"(0.003,1.048,0.009)",LocomotionStop,,,grip locomotion stopped
2026-06-28T00:39:34.0884670Z,93.898,835,"(0.003,1.048,0.009)",LocomotionStop,,,grip locomotion stopped
2026-06-28T00:39:34.2010800Z,94.010,836,"(0.003,1.048,0.009)",LocomotionStop,,,grip locomotion stopped
2026-06-28T00:39:34.3134720Z,94.122,837,"(0.003,1.048,0.009)",LocomotionStop,,,grip locomotion stopped
2026-06-28T00:39:34.4245070Z,94.233,838,"(0.003,1.047,0.010)",LocomotionStop,,,grip locomotion stopped
2026-06-28T00:39:34.5366630Z,94.345,839,"(0.003,1.047,0.010)",LocomotionStop,,,grip locomotion stopped
2026-06-28T00:39:34.6451350Z,94.455,840,"(0.003,1.047,0.010)",LocomotionStop,,,grip locomotion stopped
2026-06-28T00:39:34.7587270Z,94.568,841,"(0.003,1.047,0.010)",LocomotionStop,,,grip locomotion stopped
2026-06-28T00:39:34.8698040Z,94.679,842,"(0.003,1.047,0.010)",LocomotionStop,,,grip locomotion stopped
2026-06-28T00:39:34.9818320Z,94.791,843,"(0.003,1.047,0.009)",LocomotionStop,,,grip locomotion stopped
2026-06-28T00:39:35.0969100Z,94.905,844,"(0.003,1.047,0.009)",LocomotionStop,,,grip locomotion stopped
2026-06-28T00:39:35.2133410Z,95.022,845,"(0.003,1.047,0.009)",LocomotionStop,,,grip locomotion stopped
2026-06-28T00:39:35.3296790Z,95.139,846,"(0.004,1.047,0.009)",LocomotionStop,,,grip locomotion stopped
2026-06-28T00:39:35.4453720Z,95.255,847,"(0.004,1.047,0.010)",LocomotionStop,,,grip locomotion stopped
2026-06-28T00:39:35.5635820Z,95.372,848,"(0.004,1.047,0.009)",LocomotionStop,,,grip locomotion stopped
2026-06-28T00:39:35.6801470Z,95.489,849,"(0.004,1.047,0.009)",LocomotionStop,,,grip locomotion stopped
2026-06-28T00:39:35.7964100Z,95.605,850,"(0.004,1.047,0.009)",LocomotionStop,,,grip locomotion stopped
2026-06-28T00:39:35.9124660Z,95.722,851,"(0.004,1.047,0.009)",LocomotionStop,,,grip locomotion stopped
2026-06-28T00:39:36.0277730Z,95.837,852,"(0.004,1.047,0.009)",LocomotionStop,,,grip locomotion stopped
2026-06-28T00:39:36.1446400Z,95.953,853,"(0.004,1.047,0.009)",LocomotionStop,,,grip locomotion stopped
2026-06-28T00:39:36.2546960Z,96.063,854,"(0.004,1.047,0.009)",LocomotionStop,,,grip locomotion stopped
2026-06-28T00:39:36.3632470Z,96.157,855,"(0.004,1.047,0.009)",LocomotionStop,,,grip locomotion stopped
2026-06-28T00:39:36.4550790Z,96.260,856,"(0.004,1.047,0.009)",LocomotionStop,,,grip locomotion stopped
2026-06-28T00:39:36.5548770Z,96.356,857,"(0.005,1.047,0.010)",LocomotionStop,,,grip locomotion stopped
2026-06-28T00:39:36.6552300Z,96.457,858,"(0.005,1.047,0.009)",LocomotionStop,,,grip locomotion stopped
2026-06-28T00:39:36.7550110Z,96.557,859,"(0.005,1.047,0.010)",LocomotionStop,,,grip locomotion stopped
2026-06-28T00:39:36.8551570Z,96.661,860,"(0.005,1.047,0.010)",LocomotionStop,,,grip locomotion stopped
2026-06-28T00:39:36.9547710Z,96.758,861,"(0.005,1.047,0.009)",LocomotionStop,,,grip locomotion stopped
2026-06-28T00:39:37.0549150Z,96.857,862,"(0.005,1.046,0.010)",LocomotionStop,,,grip locomotion stopped
2026-06-28T00:39:37.1556180Z,96.958,863,"(0.005,1.046,0.010)",LocomotionStop,,,grip locomotion stopped
2026-06-28T00:39:37.2548220Z,97.058,864,"(0.005,1.046,0.010)",LocomotionStop,,,grip locomotion stopped
2026-06-28T00:39:37.3548650Z,97.158,865,"(0.004,1.046,0.010)",LocomotionStop,,,grip locomotion stopped
2026-06-28T00:39:37.4548860Z,97.259,866,"(0.004,1.045,0.010)",LocomotionStop,,,grip locomotion stopped
2026-06-28T00:39:37.5548530Z,97.358,867,"(0.004,1.044,0.010)",LocomotionStop,,,grip locomotion stopped
2026-06-28T00:39:37.6549040Z,97.459,868,"(0.004,1.044,0.010)",LocomotionStop,,,grip locomotion stopped
2026-06-28T00:39:37.7547250Z,97.559,869,"(0.003,1.043,0.010)",LocomotionStop,,,grip locomotion stopped
2026-06-28T00:39:37.8546270Z,97.659,870,"(0.003,1.034,0.008)",LocomotionStop,,,grip locomotion stopped
2026-06-28T00:39:37.9546970Z,97.759,871,"(0.004,1.013,0.003)",LocomotionStop,,,grip locomotion stopped
2026-06-28T00:39:38.0546030Z,97.859,872,"(0.006,0.997,0.001)",LocomotionStop,,,grip locomotion stopped
2026-06-28T00:39:38.1552370Z,97.959,873,"(0.008,0.987,0.002)",LocomotionStop,,,grip locomotion stopped
2026-06-28T00:39:38.2548700Z,98.059,874,"(0.009,0.986,0.004)",LocomotionStop,,,grip locomotion stopped
2026-06-28T00:39:38.3552760Z,98.162,875,"(0.011,0.985,0.005)",LocomotionStop,,,grip locomotion stopped
2026-06-28T00:39:38.4546690Z,98.260,876,"(0.012,0.985,0.007)",LocomotionStop,,,grip locomotion stopped
2026-06-28T00:39:38.5547280Z,98.360,877,"(0.012,0.986,0.007)",LocomotionStop,,,grip locomotion stopped
2026-06-28T00:39:38.6551170Z,98.460,878,"(0.012,0.991,0.005)",LocomotionStop,,,grip locomotion stopped
2026-06-28T00:39:38.7548250Z,98.560,879,"(0.012,0.995,0.004)",LocomotionStop,,,grip locomotion stopped
2026-06-28T00:39:38.8547550Z,98.663,880,"(0.012,1.000,0.002)",LocomotionStop,,,grip locomotion stopped
2026-06-28T00:39:38.9547300Z,98.761,881,"(0.011,1.004,0.001)",LocomotionStop,,,grip locomotion stopped
2026-06-28T00:39:39.0547800Z,98.861,882,"(0.011,1.010,0.000)",LocomotionStop,,,grip locomotion stopped
2026-06-28T00:39:39.1547470Z,98.961,883,"(0.012,1.016,-0.001)",LocomotionStop,,,grip locomotion stopped
2026-06-28T00:39:39.2547860Z,99.061,884,"(0.013,1.020,-0.003)",LocomotionStop,,,grip locomotion stopped
2026-06-28T00:39:39.3550080Z,99.163,885,"(0.013,1.021,-0.003)",LocomotionStop,,,grip locomotion stopped
2026-06-28T00:39:39.4549510Z,99.261,886,"(0.014,1.023,-0.004)",LocomotionStop,,,grip locomotion stopped
2026-06-28T00:39:39.5549610Z,99.362,887,"(0.014,1.025,-0.005)",LocomotionStop,,,grip locomotion stopped
2026-06-28T00:39:39.6551130Z,99.462,888,"(0.014,1.028,-0.006)",LocomotionStop,,,grip locomotion stopped
2026-06-28T00:39:39.7552510Z,99.563,889,"(0.014,1.029,-0.007)",LocomotionStop,,,grip locomotion stopped
2026-06-28T00:39:39.8560090Z,99.664,890,"(0.013,1.030,-0.008)",LocomotionStop,,,grip locomotion stopped
2026-06-28T00:39:39.9557770Z,99.763,891,"(0.013,1.030,-0.008)",LocomotionStop,,,grip locomotion stopped
2026-06-28T00:39:40.0558830Z,99.863,892,"(0.013,1.031,-0.009)",LocomotionStop,,,grip locomotion stopped
2026-06-28T00:39:40.1560190Z,99.963,893,"(0.013,1.031,-0.009)",LocomotionStop,,,grip locomotion stopped
2026-06-28T00:39:40.2571590Z,100.066,894,"(0.013,1.031,-0.009)",LocomotionStop,,,grip locomotion stopped
2026-06-28T00:39:40.3573760Z,100.163,895,"(0.013,1.031,-0.009)",LocomotionStop,,,grip locomotion stopped
2026-06-28T00:39:40.4571080Z,100.264,896,"(0.013,1.031,-0.009)",LocomotionStop,,,grip locomotion stopped
2026-06-28T00:39:40.5573120Z,100.364,897,"(0.013,1.031,-0.009)",LocomotionStop,,,grip locomotion stopped
2026-06-28T00:39:40.6571900Z,100.464,898,"(0.013,1.030,-0.009)",LocomotionStop,,,grip locomotion stopped
2026-06-28T00:39:40.7572100Z,100.566,899,"(0.013,1.030,-0.009)",LocomotionStop,,,grip locomotion stopped
2026-06-28T00:39:40.8572160Z,100.664,900,"(0.013,1.030,-0.010)",LocomotionStop,,,grip locomotion stopped
2026-06-28T00:39:40.9573680Z,100.765,901,"(0.013,1.030,-0.010)",LocomotionStop,,,grip locomotion stopped
2026-06-28T00:39:41.0571750Z,100.865,902,"(0.013,1.030,-0.010)",LocomotionStop,,,grip locomotion stopped
2026-06-28T00:39:41.1588930Z,100.967,903,"(0.012,1.030,-0.010)",LocomotionStop,,,grip locomotion stopped
2026-06-28T00:39:41.2589910Z,101.065,904,"(0.012,1.030,-0.010)",LocomotionStop,,,grip locomotion stopped
2026-06-28T00:39:41.3587720Z,101.165,905,"(0.012,1.030,-0.010)",LocomotionStop,,,grip locomotion stopped
2026-06-28T00:39:41.4588990Z,101.265,906,"(0.012,1.030,-0.010)",LocomotionStop,,,grip locomotion stopped
2026-06-28T00:39:41.5591980Z,101.366,907,"(0.012,1.030,-0.010)",LocomotionStop,,,grip locomotion stopped
2026-06-28T00:39:41.6591850Z,101.468,908,"(0.012,1.030,-0.010)",LocomotionStop,,,grip locomotion stopped
2026-06-28T00:39:41.7591650Z,101.566,909,"(0.012,1.030,-0.010)",LocomotionStop,,,grip locomotion stopped
2026-06-28T00:39:41.8590590Z,101.666,910,"(0.012,1.030,-0.010)",LocomotionStop,,,grip locomotion stopped
2026-06-28T00:39:41.9590050Z,101.766,911,"(0.013,1.031,-0.010)",LocomotionStop,,,grip locomotion stopped
2026-06-28T00:39:42.0593170Z,101.867,912,"(0.013,1.031,-0.009)",LocomotionStop,,,grip locomotion stopped
2026-06-28T00:39:42.1609000Z,101.969,913,"(0.013,1.031,-0.010)",LocomotionStop,,,grip locomotion stopped
2026-06-28T00:39:42.2607530Z,102.067,914,"(0.014,1.034,-0.011)",LocomotionStop,,,grip locomotion stopped
2026-06-28T00:39:42.3608440Z,102.167,915,"(0.015,1.042,-0.012)",LocomotionStop,,,grip locomotion stopped
2026-06-28T00:39:42.4609630Z,102.267,916,"(0.018,1.068,-0.017)",LocomotionStop,,,grip locomotion stopped
2026-06-28T00:39:42.5608370Z,102.367,917,"(0.023,1.096,-0.036)",LocomotionStop,,,grip locomotion stopped
2026-06-28T00:39:42.6606430Z,102.468,918,"(0.025,1.116,-0.069)",LocomotionStop,,,grip locomotion stopped
2026-06-28T00:39:42.7606770Z,102.567,919,"(0.026,1.127,-0.102)",LocomotionStop,,,grip locomotion stopped
2026-06-28T00:39:42.8610730Z,102.668,920,"(0.020,1.127,-0.118)",LocomotionStop,,,grip locomotion stopped
2026-06-28T00:39:42.9609830Z,102.768,921,"(0.012,1.125,-0.119)",LocomotionStop,,,grip locomotion stopped
2026-06-28T00:39:43.0619110Z,102.870,922,"(0.006,1.124,-0.119)",LocomotionStop,,,grip locomotion stopped
2026-06-28T00:39:43.1618070Z,102.968,923,"(0.003,1.125,-0.118)",LocomotionStop,,,grip locomotion stopped
2026-06-28T00:39:43.2617900Z,103.068,924,"(0.003,1.126,-0.114)",LocomotionStop,,,grip locomotion stopped
2026-06-28T00:39:43.3618000Z,103.169,925,"(0.003,1.126,-0.110)",LocomotionStop,,,grip locomotion stopped
2026-06-28T00:39:43.4619030Z,103.269,926,"(0.005,1.126,-0.106)",LocomotionStop,,,grip locomotion stopped
2026-06-28T00:39:43.5625430Z,103.371,927,"(0.008,1.124,-0.101)",LocomotionStop,,,grip locomotion stopped
2026-06-28T00:39:43.6625520Z,103.469,928,"(0.010,1.120,-0.095)",LocomotionStop,,,grip locomotion stopped
2026-06-28T00:39:43.7622780Z,103.569,929,"(0.009,1.117,-0.090)",LocomotionStop,,,grip locomotion stopped
2026-06-28T00:39:43.8629850Z,103.669,930,"(0.007,1.114,-0.086)",LocomotionStop,,,grip locomotion stopped
2026-06-28T00:39:43.9626950Z,103.770,931,"(0.006,1.110,-0.081)",LocomotionStop,,,grip locomotion stopped
2026-06-28T00:39:44.0624930Z,103.870,932,"(0.007,1.107,-0.077)",LocomotionStop,,,grip locomotion stopped
2026-06-28T00:39:44.1623720Z,103.970,933,"(0.008,1.104,-0.073)",LocomotionStop,,,grip locomotion stopped
2026-06-28T00:39:44.2625590Z,104.070,934,"(0.009,1.104,-0.071)",LocomotionStop,,,grip locomotion stopped
2026-06-28T00:39:44.3626440Z,104.170,935,"(0.009,1.103,-0.070)",LocomotionStop,,,grip locomotion stopped
2026-06-28T00:39:44.4650820Z,104.273,936,"(0.009,1.100,-0.068)",LocomotionStop,,,grip locomotion stopped
2026-06-28T00:39:44.5647930Z,104.371,937,"(0.008,1.090,-0.065)",LocomotionStop,,,grip locomotion stopped
2026-06-28T00:39:44.6647650Z,104.471,938,"(0.006,1.076,-0.061)",LocomotionStop,,,grip locomotion stopped
2026-06-28T00:39:44.7646990Z,104.571,939,"(0.004,1.062,-0.055)",LocomotionStop,,,grip locomotion stopped
2026-06-28T00:39:44.8650270Z,104.671,940,"(0.004,1.054,-0.050)",LocomotionStop,,,grip locomotion stopped
2026-06-28T00:39:44.9648500Z,104.773,941,"(0.003,1.050,-0.046)",LocomotionStop,,,grip locomotion stopped
2026-06-28T00:39:45.0648990Z,104.872,942,"(0.003,1.048,-0.042)",LocomotionStop,,,grip locomotion stopped
2026-06-28T00:39:45.1647940Z,104.972,943,"(0.004,1.045,-0.040)",LocomotionStop,,,grip locomotion stopped
2026-06-28T00:39:45.2653830Z,105.072,944,"(0.004,1.042,-0.039)",LocomotionStop,,,grip locomotion stopped
2026-06-28T00:39:45.3651420Z,105.172,945,"(0.004,1.040,-0.039)",LocomotionStop,,,grip locomotion stopped
2026-06-28T00:39:45.4652230Z,105.273,946,"(0.005,1.040,-0.040)",LocomotionStop,,,grip locomotion stopped
2026-06-28T00:39:45.5651740Z,105.373,947,"(0.007,1.040,-0.041)",LocomotionStop,,,grip locomotion stopped
2026-06-28T00:39:45.6651080Z,105.473,948,"(0.008,1.040,-0.041)",LocomotionStop,,,grip locomotion stopped
2026-06-28T00:39:45.7685930Z,105.577,949,"(0.011,1.042,-0.041)",LocomotionStop,,,grip locomotion stopped
2026-06-28T00:39:45.8686190Z,105.676,950,"(0.013,1.045,-0.040)",LocomotionStop,,,grip locomotion stopped
2026-06-28T00:39:45.9685480Z,105.773,951,"(0.014,1.046,-0.040)",LocomotionStop,,,grip locomotion stopped
2026-06-28T00:39:46.0685440Z,105.873,952,"(0.015,1.045,-0.040)",LocomotionStop,,,grip locomotion stopped
2026-06-28T00:39:46.1686520Z,105.973,953,"(0.015,1.044,-0.040)",LocomotionStop,,,grip locomotion stopped
2026-06-28T00:39:46.2698020Z,106.078,954,"(0.014,1.044,-0.040)",LocomotionStop,,,grip locomotion stopped
2026-06-28T00:39:46.3695590Z,106.177,955,"(0.014,1.045,-0.040)",LocomotionStop,,,grip locomotion stopped
2026-06-28T00:39:46.4695920Z,106.274,956,"(0.013,1.045,-0.040)",LocomotionStop,,,grip locomotion stopped
2026-06-28T00:39:46.5695560Z,106.374,957,"(0.013,1.044,-0.039)",LocomotionStop,,,grip locomotion stopped
2026-06-28T00:39:46.6700650Z,106.475,958,"(0.013,1.044,-0.039)",LocomotionStop,,,grip locomotion stopped
2026-06-28T00:39:46.7700830Z,106.578,959,"(0.013,1.044,-0.039)",LocomotionStop,,,grip locomotion stopped
2026-06-28T00:39:46.8697810Z,106.676,960,"(0.013,1.044,-0.040)",LocomotionStop,,,grip locomotion stopped
2026-06-28T00:39:46.9696330Z,106.775,961,"(0.013,1.044,-0.040)",LocomotionStop,,,grip locomotion stopped
2026-06-28T00:39:47.0698750Z,106.875,962,"(0.012,1.044,-0.040)",LocomotionStop,,,grip locomotion stopped
2026-06-28T00:39:47.1699870Z,106.975,963,"(0.012,1.044,-0.040)",LocomotionStop,,,grip locomotion stopped
2026-06-28T00:39:47.2698880Z,107.078,964,"(0.011,1.044,-0.040)",LocomotionStop,,,grip locomotion stopped
2026-06-28T00:39:47.3696290Z,107.177,965,"(0.011,1.044,-0.040)",LocomotionStop,,,grip locomotion stopped
2026-06-28T00:39:47.4696450Z,107.276,966,"(0.011,1.044,-0.040)",LocomotionStop,,,grip locomotion stopped
2026-06-28T00:39:47.5688410Z,107.376,967,"(0.012,1.043,-0.040)",LocomotionStop,,,grip locomotion stopped
2026-06-28T00:39:47.6754270Z,107.481,968,"(0.012,1.044,-0.040)",LocomotionStop,,,grip locomotion stopped
2026-06-28T00:39:47.7721550Z,107.582,969,"(0.012,1.044,-0.040)",LocomotionStop,,,grip locomotion stopped
2026-06-28T00:39:47.8723540Z,107.680,970,"(0.000,1.042,0.000)",LocomotionStop,,,grip locomotion stopped
2026-06-28T00:39:47.9718850Z,107.776,971,"(-0.001,1.042,0.000)",LocomotionStop,,,grip locomotion stopped
2026-06-28T00:39:48.0725400Z,107.877,972,"(0.000,1.042,0.000)",LocomotionStop,,,grip locomotion stopped
2026-06-28T00:39:48.1723930Z,107.977,973,"(0.000,1.042,0.001)",LocomotionStop,,,grip locomotion stopped
2026-06-28T00:39:48.2724980Z,108.079,974,"(0.000,1.042,0.001)",LocomotionStop,,,grip locomotion stopped
2026-06-28T00:39:48.3723130Z,108.177,975,"(0.000,1.042,0.001)",LocomotionStop,,,grip locomotion stopped
2026-06-28T00:39:48.4724740Z,108.278,976,"(0.000,1.042,0.001)",LocomotionStop,,,grip locomotion stopped
2026-06-28T00:39:48.5723630Z,108.378,977,"(0.000,1.042,0.001)",LocomotionStop,,,grip locomotion stopped
2026-06-28T00:39:48.6722680Z,108.481,978,"(0.000,1.042,0.001)",LocomotionStop,,,grip locomotion stopped
